,Filename,Label,Prediction1,Prediction3
14,images_species/Philonthus tenuicornis/Philonthus tenuicornis_27.jpg,Philonthus tenuicornis,Philonthus addendus,"[('Philonthus politus', 0.0004480213), ('Philonthus tenuicornis', 0.25040126), ('Philonthus addendus', 0.748933)]"
21,images_species/Philonthus tenuicornis/Philonthus tenuicornis_34.jpg,Philonthus tenuicornis,Philonthus succicola,"[('Philonthus politus', 0.0031824687), ('Philonthus tenuicornis', 0.013254839), ('Philonthus succicola', 0.983185)]"
24,images_species/Philonthus tenuicornis/Philonthus tenuicornis_37.jpg,Philonthus tenuicornis,Philonthus succicola,"[('Philonthus politus', 0.00059488544), ('Philonthus tenuicornis', 0.0017160604), ('Philonthus succicola', 0.9971539)]"
26,images_species/Philonthus tenuicornis/Philonthus tenuicornis_39.jpg,Philonthus tenuicornis,Philonthus cognatus,"[('Philonthus tenuicornis', 0.055816505), ('Philonthus mannerheimi', 0.35625756), ('Philonthus cognatus', 0.54789174)]"
98,images_species/Philonthus splendens/Philonthus splendens_39.jpg,Philonthus splendens,Ocypus fuscatus,"[('Philonthus nitidus', 0.16886874), ('Philonthus intermedius', 0.28576788), ('Ocypus fuscatus', 0.2990729)]"
110,images_species/Philonthus splendens/Philonthus splendens_51.jpg,Philonthus splendens,Ocypus fuscatus,"[('Philonthus intermedius', 0.0858535), ('Philonthus splendens', 0.35768202), ('Ocypus fuscatus', 0.5459911)]"
170,images_species/Philonthus nitidicollis/Philonthus nitidicollis_1.jpg,Philonthus nitidicollis,Philonthus varians,"[('Philonthus confinis', 0.017808542), ('Philonthus jurgans', 0.019776126), ('Philonthus varians', 0.91799206)]"
181,images_species/Lathrobium geminum/Lathrobium geminum_12.jpg,Lathrobium geminum,Lathrobium brunnipes,"[('Lathrobium geminum', 0.06393067), ('Achenium humile', 0.07379274), ('Lathrobium brunnipes', 0.84741116)]"
183,images_species/Lathrobium geminum/Lathrobium geminum_14.jpg,Lathrobium geminum,Lathrobium elongatum,"[('Lathrobium brunnipes', 0.0005637099), ('Lathrobium geminum', 0.09321105), ('Lathrobium elongatum', 0.90617)]"
184,images_species/Lathrobium geminum/Lathrobium geminum_15.jpg,Lathrobium geminum,Lathrobium elongatum,"[('Lathrobium geminum', 0.00023359522), ('Lathrobium rufipenne', 0.0011508963), ('Lathrobium elongatum', 0.99861)]"
187,images_species/Lathrobium geminum/Lathrobium geminum_18.jpg,Lathrobium geminum,Lathrobium fulvipenne,"[('Lobrathium multipunctum', 0.0007002033), ('Lathrobium geminum', 0.23910336), ('Lathrobium fulvipenne', 0.7601937)]"
189,images_species/Lathrobium geminum/Lathrobium geminum_20.jpg,Lathrobium geminum,Lathrobium brunnipes,"[('Lathrobium geminum', 0.0018479812), ('Lathrobium elongatum', 0.04096578), ('Lathrobium brunnipes', 0.95637643)]"
190,images_species/Lathrobium geminum/Lathrobium geminum_21.jpg,Lathrobium geminum,Lathrobium fulvipenne,"[('Philonthus lepidus', 2.0881359e-07), ('Lobrathium multipunctum', 3.4395068e-06), ('Lathrobium fulvipenne', 0.9999958)]"
191,images_species/Lathrobium geminum/Lathrobium geminum_22.jpg,Lathrobium geminum,Lathrobium elongatum,"[('Lathrobium fulvipenne', 0.03852416), ('Lathrobium geminum', 0.45682976), ('Lathrobium elongatum', 0.49212965)]"
211,images_species/Paederus riparius/Paederus riparius_42.jpg,Paederus riparius,Paederus fuscipes,"[('Paederus littoralis', 0.00047978884), ('Paederus riparius', 0.13717338), ('Paederus fuscipes', 0.86174953)]"
213,images_species/Paederus riparius/Paederus riparius_44.jpg,Paederus riparius,Paederus fuscipes,"[('Ocypus fuscatus', 0.002069202), ('Paederus riparius', 0.0373095), ('Paederus fuscipes', 0.9591866)]"
260,images_species/Heterothops praevius/Heterothops praevius_6.jpg,Heterothops praevius,Heterothops binotatus,"[('Heterothops dissimilis', 4.8416117e-05), ('Heterothops praevius', 0.048692726), ('Heterothops binotatus', 0.9511819)]"
271,images_species/Gabrius osseticus/Gabrius osseticus_17.jpg,Gabrius osseticus,Philonthus micantoides,"[('Bisnius fimetarius', 0.18748167), ('Gabrius osseticus', 0.28542402), ('Philonthus micantoides', 0.3552908)]"
295,images_species/Philonthus carbonarius/Philonthus carbonarius_47.jpg,Philonthus carbonarius,Bisnius fimetarius,"[('Philonthus atratus', 0.037186347), ('Philonthus albipes', 0.1811244), ('Bisnius fimetarius', 0.663362)]"
297,images_species/Philonthus carbonarius/Philonthus carbonarius_49.jpg,Philonthus carbonarius,Philonthus cruentatus,"[('Astenus lyonessius', 9.847185e-05), ('Philonthus sanguinolentus', 0.00014567569), ('Philonthus cruentatus', 0.9996917)]"
303,images_species/Philonthus carbonarius/Philonthus carbonarius_55.jpg,Philonthus carbonarius,Philonthus albipes,"[('Philonthus longicornis', 5.3802105e-05), ('Philonthus quisquiliarius', 7.17439e-05), ('Philonthus albipes', 0.9998325)]"
304,images_species/Philonthus carbonarius/Philonthus carbonarius_56.jpg,Philonthus carbonarius,Bisnius sordidus,"[('Xantholinus longiventris', 2.0246942e-05), ('Philonthus atratus', 0.006853419), ('Bisnius sordidus', 0.9930773)]"
305,images_species/Philonthus carbonarius/Philonthus carbonarius_57.jpg,Philonthus carbonarius,Bisnius fimetarius,"[('Philonthus albipes', 8.886481e-07), ('Philonthus quisquiliarius', 0.00013704647), ('Bisnius fimetarius', 0.9998615)]"
306,images_species/Philonthus carbonarius/Philonthus carbonarius_58.jpg,Philonthus carbonarius,Ontholestes murinus,"[('Philonthus carbonarius', 0.012072194), ('Ontholestes tessellatus', 0.32056293), ('Ontholestes murinus', 0.6512697)]"
307,images_species/Philonthus carbonarius/Philonthus carbonarius_59.jpg,Philonthus carbonarius,Philonthus concinnus,"[('Philonthus atratus', 0.001811413), ('Philonthus carbonarius', 0.284227), ('Philonthus concinnus', 0.7127172)]"
308,images_species/Philonthus carbonarius/Philonthus carbonarius_60.jpg,Philonthus carbonarius,Philonthus varians,"[('Philonthus carbonarius', 0.059880503), ('Philonthus nitidicollis', 0.23271327), ('Philonthus varians', 0.67134684)]"
315,images_species/Philonthus carbonarius/Philonthus carbonarius_67.jpg,Philonthus carbonarius,Philonthus varians,"[('Philonthus lepidus', 0.05700109), ('Heterothops stiglundbergi', 0.21613531), ('Philonthus varians', 0.66059303)]"
323,images_species/Philonthus carbonarius/Philonthus carbonarius_75.jpg,Philonthus carbonarius,Philonthus nitidicollis,"[('Philonthus carbonarius', 0.007958426), ('Philonthus sanguinolentus', 0.057895336), ('Philonthus nitidicollis', 0.91800493)]"
324,images_species/Philonthus carbonarius/Philonthus carbonarius_76.jpg,Philonthus carbonarius,Philonthus quisquiliarius,"[('Philonthus furcifer', 0.017511358), ('Bisnius sordidus', 0.025049033), ('Philonthus quisquiliarius', 0.93238354)]"
325,images_species/Philonthus carbonarius/Philonthus carbonarius_77.jpg,Philonthus carbonarius,Philonthus mannerheimi,"[('Philonthus albipes', 0.029337855), ('Philonthus carbonarius', 0.06309335), ('Philonthus mannerheimi', 0.8084309)]"
335,images_species/Philonthus carbonarius/Philonthus carbonarius_87.jpg,Philonthus carbonarius,Philonthus ventralis,"[('Philonthus rectangulus', 0.00022936227), ('Gabrius osseticus', 0.00051023957), ('Philonthus ventralis', 0.9991374)]"
342,images_species/Philonthus carbonarius/Philonthus carbonarius_94.jpg,Philonthus carbonarius,Philonthus quisquiliarius,"[('Philonthus furcifer', 0.00058594276), ('Philonthus concinnus', 0.005307304), ('Philonthus quisquiliarius', 0.99373215)]"
343,images_species/Philonthus carbonarius/Philonthus carbonarius_95.jpg,Philonthus carbonarius,Philonthus discoideus,"[('Gyrohypnus fracticornis', 0.047259938), ('Bisnius sordidus', 0.37507665), ('Philonthus discoideus', 0.51477814)]"
345,images_species/Philonthus carbonarius/Philonthus carbonarius_97.jpg,Philonthus carbonarius,Philonthus tenuicornis,"[('Bisnius puella', 0.03729767), ('Philonthus rectangulus', 0.1396222), ('Philonthus tenuicornis', 0.73337513)]"
347,images_species/Philonthus carbonarius/Philonthus carbonarius_99.jpg,Philonthus carbonarius,Philonthus cruentatus,"[('Philonthus sanguinolentus', 5.5003744e-05), ('Astenus lyonessius', 0.0005162762), ('Philonthus cruentatus', 0.9994099)]"
401,images_species/Cafius xantholoma/Cafius xantholoma_73.jpg,Cafius xantholoma,Ocypus fuscatus,"[('Bisnius cephalotes', 0.02224385), ('Cafius xantholoma', 0.2562676), ('Ocypus fuscatus', 0.6953558)]"
429,images_species/Heterothops binotatus/Heterothops binotatus_13.jpg,Heterothops binotatus,Quedius microps,"[('Lathrobium dilutum', 0.07082992), ('Heterothops praevius', 0.17811686), ('Quedius microps', 0.63316876)]"
434,images_species/Heterothops binotatus/Heterothops binotatus_18.jpg,Heterothops binotatus,Heterothops praevius,"[('Gabrius breviventer', 0.049794793), ('Heterothops binotatus', 0.25984105), ('Heterothops praevius', 0.6475513)]"
447,images_species/Philonthus succicola/Philonthus succicola_28.jpg,Philonthus succicola,Philonthus mannerheimi,"[('Philonthus tenuicornis', 0.07243914), ('Ocypus fuscatus', 0.35195252), ('Philonthus mannerheimi', 0.4057235)]"
449,images_species/Philonthus succicola/Philonthus succicola_30.jpg,Philonthus succicola,Philonthus politus,"[('Philonthus addendus', 2.8934805e-05), ('Philonthus succicola', 0.035031807), ('Philonthus politus', 0.9649343)]"
455,images_species/Philonthus succicola/Philonthus succicola_36.jpg,Philonthus succicola,Philonthus intermedius,"[('Philonthus marginatus', 0.027926652), ('Platydracus latebricola', 0.042399045), ('Philonthus intermedius', 0.88782334)]"
457,images_species/Philonthus succicola/Philonthus succicola_38.jpg,Philonthus succicola,Philonthus tenuicornis,"[('Philonthus politus', 0.059489064), ('Philonthus succicola', 0.10345909), ('Philonthus tenuicornis', 0.8031131)]"
459,images_species/Philonthus succicola/Philonthus succicola_40.jpg,Philonthus succicola,Philonthus politus,"[('Philonthus splendens', 0.0062624863), ('Philonthus succicola', 0.03258879), ('Philonthus politus', 0.95500356)]"
460,images_species/Philonthus succicola/Philonthus succicola_41.jpg,Philonthus succicola,Philonthus tenuicornis,"[('Philonthus rufipes', 0.0022337474), ('Philonthus mannerheimi', 0.017363833), ('Philonthus tenuicornis', 0.9789267)]"
461,images_species/Philonthus succicola/Philonthus succicola_42.jpg,Philonthus succicola,Philonthus tenuicornis,"[('Philonthus politus', 0.0098774005), ('Philonthus succicola', 0.04304987), ('Philonthus tenuicornis', 0.9338278)]"
463,images_species/Philonthus succicola/Philonthus succicola_44.jpg,Philonthus succicola,Philonthus tenuicornis,"[('Ocypus fuscatus', 0.00020770385), ('Philonthus rufipes', 0.0021849237), ('Philonthus tenuicornis', 0.9973937)]"
475,images_species/Philonthus succicola/Philonthus succicola_56.jpg,Philonthus succicola,Philonthus politus,"[('Philonthus tenuicornis', 0.027522633), ('Philonthus splendens', 0.35854492), ('Philonthus politus', 0.57112664)]"
476,images_species/Philonthus succicola/Philonthus succicola_57.jpg,Philonthus succicola,Philonthus tenuicornis,"[('Philonthus mannerheimi', 0.0010826637), ('Philonthus rufipes', 0.0015075658), ('Philonthus tenuicornis', 0.997147)]"
482,images_species/Philonthus succicola/Philonthus succicola_63.jpg,Philonthus succicola,Philonthus tenuicornis,"[('Philonthus mannerheimi', 0.0024141353), ('Philonthus rufipes', 0.013051365), ('Philonthus tenuicornis', 0.9840785)]"
484,images_species/Philonthus succicola/Philonthus succicola_65.jpg,Philonthus succicola,Philonthus tenuicornis,"[('Philonthus mannerheimi', 0.00021964528), ('Philonthus rufipes', 0.0036412252), ('Philonthus tenuicornis', 0.99594516)]"
486,images_species/Philonthus rectangulus/Philonthus rectangulus_11.jpg,Philonthus rectangulus,Bisnius parcus,"[('Bisnius subuliformis', 8.4921085e-05), ('Philonthus rectangulus', 0.13065441), ('Bisnius parcus', 0.8691339)]"
509,images_species/Quedius maurorufus/Quedius maurorufus_12.jpg,Quedius maurorufus,Quedius suturalis,"[('Quedius longicornis', 0.15172729), ('Quedius cruentus', 0.15390837), ('Quedius suturalis', 0.58034575)]"
586,images_species/Philonthus addendus/Philonthus addendus_12.jpg,Philonthus addendus,Philonthus politus,"[('Philonthus tenuicornis', 0.0001293451), ('Philonthus addendus', 0.025602128), ('Philonthus politus', 0.9741941)]"
588,images_species/Philonthus addendus/Philonthus addendus_14.jpg,Philonthus addendus,Philonthus tenuicornis,"[('Philonthus addendus', 0.0937144), ('Philonthus cognatus', 0.13143176), ('Philonthus tenuicornis', 0.72959274)]"
589,images_species/Philonthus addendus/Philonthus addendus_15.jpg,Philonthus addendus,Philonthus politus,"[('Philonthus succicola', 0.028167954), ('Philonthus addendus', 0.06422847), ('Philonthus politus', 0.90584135)]"
590,images_species/Philonthus addendus/Philonthus addendus_16.jpg,Philonthus addendus,Philonthus tenuicornis,"[('Philonthus politus', 0.0015600456), ('Philonthus addendus', 0.4106917), ('Philonthus tenuicornis', 0.587682)]"
599,images_species/Philonthus addendus/Philonthus addendus_25.jpg,Philonthus addendus,Philonthus succicola,"[('Philonthus addendus', 0.073847845), ('Philonthus politus', 0.24983452), ('Philonthus succicola', 0.6535439)]"
600,images_species/Philonthus addendus/Philonthus addendus_26.jpg,Philonthus addendus,Philonthus succicola,"[('Philonthus politus', 1.9343972e-05), ('Philonthus addendus', 2.9578512e-05), ('Philonthus succicola', 0.999951)]"
616,images_species/Philonthus punctus/Philonthus punctus_4.jpg,Philonthus punctus,Philonthus binotatus,"[('Philonthus corvinus', 0.1865777), ('Philonthus punctus', 0.31171414), ('Philonthus binotatus', 0.34692743)]"
624,images_species/Quedius levicollis/Quedius levicollis_12.jpg,Quedius levicollis,Quedius simplicifrons,"[('Quedius nigrocaeruleus', 0.0076542324), ('Quedius levicollis', 0.13439369), ('Quedius simplicifrons', 0.85281795)]"
625,images_species/Quedius levicollis/Quedius levicollis_4.jpg,Quedius levicollis,Quedius simplicifrons,"[('Quedius curtipennis', 0.06548612), ('Quedius levicollis', 0.30834797), ('Quedius simplicifrons', 0.6252643)]"
626,images_species/Quedius levicollis/Quedius levicollis_5.jpg,Quedius levicollis,Quedius simplicifrons,"[('Quedius semiobscurus', 0.0008739592), ('Quedius levicollis', 0.112797014), ('Quedius simplicifrons', 0.88610613)]"
629,images_species/Quedius levicollis/Quedius levicollis_8.jpg,Quedius levicollis,Quedius simplicifrons,"[('Quedius curtipennis', 0.022217162), ('Quedius levicollis', 0.10169262), ('Quedius simplicifrons', 0.8733494)]"
673,images_species/Ochthephilum fracticorne/Ochthephilum fracticorne_46.jpg,Ochthephilum fracticorne,Lathrobium dilutum,"[('Sunius bicolor', 0.06245362), ('Lithocharis nigriceps', 0.38245624), ('Lathrobium dilutum', 0.4275948)]"
698,images_species/Philonthus mannerheimi/Philonthus mannerheimi_6.jpg,Philonthus mannerheimi,Philonthus tenuicornis,"[('Philonthus politus', 5.5070206e-05), ('Philonthus addendus', 0.00031960136), ('Philonthus tenuicornis', 0.99961686)]"
750,images_species/Quedius fuliginosus/Quedius fuliginosus_11.jpg,Quedius fuliginosus,Quedius levicollis,"[('Quedius curtipennis', 0.027809596), ('Quedius fuliginosus', 0.1939414), ('Quedius levicollis', 0.7650077)]"
753,images_species/Quedius fuliginosus/Quedius fuliginosus_14.jpg,Quedius fuliginosus,Quedius molochinus,"[('Quedius fuliginosus', 0.006096357), ('Quedius levicollis', 0.0063318796), ('Quedius molochinus', 0.97961456)]"
766,images_species/Tetartopeus terminatus/Tetartopeus terminatus_25.jpg,Tetartopeus terminatus,Tetartopeus quadratus,"[('Rugilus rufipes', 1.083828e-05), ('Tetartopeus terminatus', 0.000512034), ('Tetartopeus quadratus', 0.99946064)]"
780,images_species/Tetartopeus terminatus/Tetartopeus terminatus_39.jpg,Tetartopeus terminatus,Tetartopeus quadratus,"[('Lathrobium fovulum', 2.9945772e-06), ('Tetartopeus terminatus', 0.108689755), ('Tetartopeus quadratus', 0.8913048)]"
782,images_species/Tetartopeus terminatus/Tetartopeus terminatus_41.jpg,Tetartopeus terminatus,Tetartopeus quadratus,"[('Rugilus rufipes', 4.6706642e-05), ('Tetartopeus terminatus', 0.024068756), ('Tetartopeus quadratus', 0.97583157)]"
829,images_species/Quedius scintillans/Quedius scintillans_16.jpg,Quedius scintillans,Quedius lucidulus,"[('Quedius boops', 4.0342115e-06), ('Quedius scintillans', 3.119302e-05), ('Quedius lucidulus', 0.9999641)]"
837,images_species/Quedius scintillans/Quedius scintillans_24.jpg,Quedius scintillans,Quedius lucidulus,"[('Quedius umbrinus', 0.00016543444), ('Quedius scintillans', 0.042192303), ('Quedius lucidulus', 0.9574338)]"
838,images_species/Quedius scintillans/Quedius scintillans_25.jpg,Quedius scintillans,Quedius lucidulus,"[('Quedius suturalis', 6.4928474e-07), ('Quedius scintillans', 0.010203585), ('Quedius lucidulus', 0.9897948)]"
839,images_species/Quedius scintillans/Quedius scintillans_26.jpg,Quedius scintillans,Quedius lucidulus,"[('Quedius suturalis', 9.359185e-07), ('Quedius scintillans', 0.001433111), ('Quedius lucidulus', 0.998566)]"
840,images_species/Quedius scintillans/Quedius scintillans_9.jpg,Quedius scintillans,Quedius lucidulus,"[('Quedius umbrinus', 1.837034e-06), ('Quedius scintillans', 0.018138114), ('Quedius lucidulus', 0.9818571)]"
860,images_species/Quedius lateralis/Quedius lateralis_13.jpg,Quedius lateralis,Quedius xanthopus,"[('Quedius truncicola', 0.015077962), ('Quedius lateralis', 0.020241803), ('Quedius xanthopus', 0.9513834)]"
891,images_species/Medon ripicola/Medon ripicola_19.jpg,Medon ripicola,Medon brunneus,"[('Medon apicalis', 0.0028491856), ('Medon ripicola', 0.060558334), ('Medon brunneus', 0.9355736)]"
903,images_species/Gyrohypnus punctulatus/Gyrohypnus punctulatus_15.jpg,Gyrohypnus punctulatus,Gyrohypnus fracticornis,"[('Gyrohypnus atratus', 7.321975e-05), ('Gyrohypnus punctulatus', 0.04792351), ('Gyrohypnus fracticornis', 0.95196146)]"
908,images_species/Gyrohypnus punctulatus/Gyrohypnus punctulatus_20.jpg,Gyrohypnus punctulatus,Leptacinus batychrus,"[('Xantholinus linearis', 0.12138377), ('Gyrohypnus atratus', 0.24451053), ('Leptacinus batychrus', 0.28071555)]"
912,images_species/Gyrohypnus punctulatus/Gyrohypnus punctulatus_24.jpg,Gyrohypnus punctulatus,Gyrohypnus fracticornis,"[('Phacophallus parumpunctatus', 0.0029956393), ('Gyrohypnus punctulatus', 0.45162553), ('Gyrohypnus fracticornis', 0.5442908)]"
914,images_species/Gyrohypnus punctulatus/Gyrohypnus punctulatus_9.jpg,Gyrohypnus punctulatus,Gyrohypnus fracticornis,"[('Leptacinus batychrus', 0.0009762138), ('Gyrohypnus atratus', 0.0019023158), ('Gyrohypnus fracticornis', 0.99658644)]"
926,images_species/Quedius cinctus/Quedius cinctus_7.jpg,Quedius cinctus,Quedius maurus,"[('Quedius fumatus', 0.034701925), ('Quedius xanthopus', 0.405336), ('Quedius maurus', 0.5362961)]"
931,images_species/Philonthus longicornis/Philonthus longicornis_12.jpg,Philonthus longicornis,Philonthus jurgans,"[('Philonthus longicornis', 0.0073575703), ('Philonthus parvicornis', 0.076073185), ('Philonthus jurgans', 0.9141245)]"
932,images_species/Philonthus longicornis/Philonthus longicornis_13.jpg,Philonthus longicornis,Philonthus jurgans,"[('Philonthus parvicornis', 0.024722569), ('Philonthus longicornis', 0.053149506), ('Philonthus jurgans', 0.9150371)]"
933,images_species/Philonthus longicornis/Philonthus longicornis_14.jpg,Philonthus longicornis,Philonthus jurgans,"[('Quedius semiaeneus', 0.012778292), ('Philonthus longicornis', 0.11497381), ('Philonthus jurgans', 0.86916214)]"
934,images_species/Philonthus longicornis/Philonthus longicornis_15.jpg,Philonthus longicornis,Philonthus jurgans,"[('Philonthus parvicornis', 0.0008286507), ('Philonthus longicornis', 0.026340358), ('Philonthus jurgans', 0.97274923)]"
937,images_species/Philonthus longicornis/Philonthus longicornis_18.jpg,Philonthus longicornis,Philonthus jurgans,"[('Philonthus rectangulus', 0.06410986), ('Philonthus longicornis', 0.31126896), ('Philonthus jurgans', 0.5779068)]"
939,images_species/Philonthus longicornis/Philonthus longicornis_20.jpg,Philonthus longicornis,Philonthus jurgans,"[('Philonthus varians', 0.15252875), ('Philonthus parvicornis', 0.16295983), ('Philonthus jurgans', 0.5431813)]"
941,images_species/Philonthus longicornis/Philonthus longicornis_22.jpg,Philonthus longicornis,Philonthus cruentatus,"[('Philonthus confinis', 0.015940104), ('Philonthus sanguinolentus', 0.22750214), ('Philonthus cruentatus', 0.7482749)]"
946,images_species/Astenus gracilis/Astenus gracilis_11.jpg,Astenus gracilis,Astenus pulchellus,"[('Scopaeus laevigatus', 0.00022326452), ('Astenus gracilis', 0.44443887), ('Astenus pulchellus', 0.55525887)]"
949,images_species/Astenus gracilis/Astenus gracilis_14.jpg,Astenus gracilis,Astenus pulchellus,"[('Astenus procerus', 2.299162e-05), ('Astenus gracilis', 0.22110997), ('Astenus pulchellus', 0.7788507)]"
950,images_species/Astenus gracilis/Astenus gracilis_15.jpg,Astenus gracilis,Astenus pulchellus,"[('Scopaeus laevigatus', 2.960356e-05), ('Astenus gracilis', 0.010953376), ('Astenus pulchellus', 0.98900515)]"
951,images_species/Astenus gracilis/Astenus gracilis_16.jpg,Astenus gracilis,Astenus lyonessius,"[('Scopaeus sulcicollis', 3.4044246e-05), ('Astenus gracilis', 0.028968396), ('Astenus lyonessius', 0.97099656)]"
952,images_species/Astenus gracilis/Astenus gracilis_17.jpg,Astenus gracilis,Astenus lyonessius,"[('Scopaeus sulcicollis', 4.2350224e-05), ('Astenus gracilis', 0.29751903), ('Astenus lyonessius', 0.7024209)]"
953,images_species/Astenus gracilis/Astenus gracilis_18.jpg,Astenus gracilis,Astenus lyonessius,"[('Scopaeus sulcicollis', 0.00028604458), ('Astenus gracilis', 0.25220144), ('Astenus lyonessius', 0.74742275)]"
955,images_species/Astenus gracilis/Astenus gracilis_20.jpg,Astenus gracilis,Astenus lyonessius,"[('Astenus immacullatus', 2.4930637e-06), ('Astenus gracilis', 0.0034870117), ('Astenus lyonessius', 0.9965055)]"
959,images_species/Astenus gracilis/Astenus gracilis_24.jpg,Astenus gracilis,Astenus lyonessius,"[('Sunius melanocephalus', 3.940203e-07), ('Astenus gracilis', 0.0042129946), ('Astenus lyonessius', 0.995786)]"
960,images_species/Astenus gracilis/Astenus gracilis_25.jpg,Astenus gracilis,Astenus lyonessius,"[('Astenus pulchellus', 0.0024636164), ('Astenus gracilis', 0.36727563), ('Astenus lyonessius', 0.6297758)]"
961,images_species/Astenus gracilis/Astenus gracilis_26.jpg,Astenus gracilis,Astenus lyonessius,"[('Scopaeus sulcicollis', 4.791315e-05), ('Astenus gracilis', 0.0041040024), ('Astenus lyonessius', 0.9958181)]"
988,images_species/Lathrobium brunnipes/Lathrobium brunnipes_53.jpg,Lathrobium brunnipes,Lobrathium multipunctum,"[('Achenium humile', 0.18283023), ('Lathrobium geminum', 0.24210861), ('Lobrathium multipunctum', 0.3238171)]"
1001,images_species/Lathrobium brunnipes/Lathrobium brunnipes_66.jpg,Lathrobium brunnipes,Lathrobium geminum,"[('Achenium humile', 0.034761425), ('Lobrathium multipunctum', 0.05249414), ('Lathrobium geminum', 0.90847045)]"
1027,images_species/Quedius infuscatus/Quedius infuscatus_2.jpg,Quedius infuscatus,Quedius scitus,"[('Quedius suturalis', 0.18011549), ('Quedius infuscatus', 0.2552459), ('Quedius scitus', 0.5643124)]"
1037,images_species/Quedius maurus/Quedius maurus_6.jpg,Quedius maurus,Quedius nigrocaeruleus,"[('Tasgius globulifer', 0.0013422796), ('Quedius maurus', 0.006640861), ('Quedius nigrocaeruleus', 0.9895751)]"
1045,images_species/Quedius persimilis/Quedius persimilis_14.jpg,Quedius persimilis,Quedius boops,"[('Quedius boopoides', 7.090631e-05), ('Quedius persimilis', 0.030681243), ('Quedius boops', 0.96924657)]"
1046,images_species/Quedius persimilis/Quedius persimilis_15.jpg,Quedius persimilis,Quedius boops,"[('Quedius nitipennis', 2.53461e-07), ('Quedius persimilis', 0.003017017), ('Quedius boops', 0.9969825)]"
1047,images_species/Quedius persimilis/Quedius persimilis_16.jpg,Quedius persimilis,Quedius boops,"[('Quedius boopoides', 0.0018511901), ('Quedius persimilis', 0.4170099), ('Quedius boops', 0.5795177)]"
1054,images_species/Gabrius breviventer/Gabrius breviventer_11.jpg,Gabrius breviventer,Gabrius appendiculatus,"[('Neobisnius lathrobioides', 0.00015729223), ('Gabrius breviventer', 0.3783282), ('Gabrius appendiculatus', 0.6214421)]"
1058,images_species/Gabrius breviventer/Gabrius breviventer_15.jpg,Gabrius breviventer,Gabrius trossulus,"[('Gabronthus thermarum', 0.037986666), ('Gabrius breviventer', 0.31810638), ('Gabrius trossulus', 0.6405881)]"
1063,images_species/Gabrius breviventer/Gabrius breviventer_20.jpg,Gabrius breviventer,Gabrius trossulus,"[('Gabrius breviventer', 0.02513968), ('Gabrius splendidulus', 0.03737359), ('Gabrius trossulus', 0.93487996)]"
1113,images_species/Bisnius sordidus/Bisnius sordidus_49.jpg,Bisnius sordidus,Bisnius cephalotes,"[('Bisnius parcus', 1.1343202e-06), ('Bisnius sordidus', 1.9027781e-06), ('Bisnius cephalotes', 0.99999607)]"
1135,images_species/Bisnius sordidus/Bisnius sordidus_71.jpg,Bisnius sordidus,Bisnius cephalotes,"[('Bisnius fimetarius', 0.00041832775), ('Bisnius sordidus', 0.33716404), ('Bisnius cephalotes', 0.66162884)]"
1138,images_species/Bisnius sordidus/Bisnius sordidus_74.jpg,Bisnius sordidus,Philonthus quisquiliarius,"[('Tetartopeus terminatus', 0.008468187), ('Bisnius fimetarius', 0.043153685), ('Philonthus quisquiliarius', 0.941069)]"
1150,images_species/Ocypus nitens/Ocypus nitens_8.jpg,Ocypus nitens,Tasgius melanarius,"[('Ocypus nitens', 0.15070583), ('Tasgius ater', 0.23808417), ('Tasgius melanarius', 0.5658083)]"
1154,images_species/Tasgius melanarius/Tasgius melanarius_12.jpg,Tasgius melanarius,Ocypus nitens,"[('Tasgius melanarius', 0.0075413953), ('Ocypus ophthalmicus', 0.007647907), ('Ocypus nitens', 0.9802526)]"
1156,images_species/Tasgius melanarius/Tasgius melanarius_14.jpg,Tasgius melanarius,Tasgius globulifer,"[('Philonthus succicola', 0.02692508), ('Tasgius melanarius', 0.27736583), ('Tasgius globulifer', 0.63931936)]"
1157,images_species/Tasgius melanarius/Tasgius melanarius_15.jpg,Tasgius melanarius,Ocypus nitens,"[('Tasgius ater', 0.0028427911), ('Tasgius melanarius', 0.48740175), ('Ocypus nitens', 0.50873137)]"
1159,images_species/Tasgius melanarius/Tasgius melanarius_6.jpg,Tasgius melanarius,Ocypus nitens,"[('Tasgius ater', 0.023674514), ('Tasgius melanarius', 0.115632236), ('Ocypus nitens', 0.83350545)]"
1161,images_species/Tasgius melanarius/Tasgius melanarius_8.jpg,Tasgius melanarius,Ocypus nitens,"[('Tasgius morsitans', 0.011137576), ('Tasgius melanarius', 0.45400977), ('Ocypus nitens', 0.53396446)]"
1177,images_species/Xantholinus gallicus/Xantholinus gallicus_1.jpg,Xantholinus gallicus,Xantholinus dvoraki,"[('Xantholinus laevigatus', 0.0018938937), ('Xantholinus gallicus', 0.23745443), ('Xantholinus dvoraki', 0.7606183)]"
1179,images_species/Gabrius nigritulus/Gabrius nigritulus_13.jpg,Gabrius nigritulus,Gabrius appendiculatus,"[('Gabrius austriacus', 0.0049455864), ('Gabrius breviventer', 0.024912799), ('Gabrius appendiculatus', 0.9667072)]"
1180,images_species/Gabrius nigritulus/Gabrius nigritulus_14.jpg,Gabrius nigritulus,Gabrius breviventer,"[('Gabronthus thermarum', 0.0003894967), ('Gabrius trossulus', 0.0007114674), ('Gabrius breviventer', 0.9986671)]"
1181,images_species/Gabrius nigritulus/Gabrius nigritulus_15.jpg,Gabrius nigritulus,Gabrius breviventer,"[('Gabrius splendidulus', 0.030832466), ('Gabrius nigritulus', 0.29499114), ('Gabrius breviventer', 0.66119033)]"
1182,images_species/Gabrius nigritulus/Gabrius nigritulus_16.jpg,Gabrius nigritulus,Gabrius breviventer,"[('Gabrius trossulus', 0.0020912567), ('Gabrius austriacus', 0.11635492), ('Gabrius breviventer', 0.87961614)]"
1183,images_species/Gabrius nigritulus/Gabrius nigritulus_17.jpg,Gabrius nigritulus,Gabrius breviventer,"[('Gabrius trossulus', 0.009236977), ('Gabrius nigritulus', 0.034494232), ('Gabrius breviventer', 0.9544135)]"
1184,images_species/Gabrius nigritulus/Gabrius nigritulus_18.jpg,Gabrius nigritulus,Gabrius splendidulus,"[('Xantholinus laevigatus', 0.1704417), ('Lithocharis nigriceps', 0.21445195), ('Gabrius splendidulus', 0.49381724)]"
1185,images_species/Gabrius nigritulus/Gabrius nigritulus_19.jpg,Gabrius nigritulus,Gabrius splendidulus,"[('Gabrius breviventer', 3.341502e-05), ('Gabrius trossulus', 6.610644e-05), ('Gabrius splendidulus', 0.99988484)]"
1186,images_species/Gabrius nigritulus/Gabrius nigritulus_20.jpg,Gabrius nigritulus,Gabrius breviventer,"[('Gabrius nigritulus', 0.008440226), ('Gabronthus thermarum', 0.414504), ('Gabrius breviventer', 0.57515043)]"
1187,images_species/Gabrius nigritulus/Gabrius nigritulus_21.jpg,Gabrius nigritulus,Gabrius breviventer,"[('Gabrius trossulus', 7.70025e-05), ('Gabronthus thermarum', 0.00012811206), ('Gabrius breviventer', 0.99976486)]"
1188,images_species/Gabrius nigritulus/Gabrius nigritulus_22.jpg,Gabrius nigritulus,Gabrius splendidulus,"[('Gabrius exiguus', 0.1168012), ('Gabrius breviventer', 0.33839607), ('Gabrius splendidulus', 0.47091138)]"
1189,images_species/Gabrius nigritulus/Gabrius nigritulus_23.jpg,Gabrius nigritulus,Gabrius breviventer,"[('Gabrius trossulus', 0.0019773096), ('Gabrius appendiculatus', 0.002194254), ('Gabrius breviventer', 0.9948376)]"
1190,images_species/Gabrius nigritulus/Gabrius nigritulus_24.jpg,Gabrius nigritulus,Gabrius breviventer,"[('Gabrius trossulus', 8.003076e-06), ('Gabrius austriacus', 1.1181158e-05), ('Gabrius breviventer', 0.99996364)]"
1191,images_species/Gabrius nigritulus/Gabrius nigritulus_25.jpg,Gabrius nigritulus,Gabrius splendidulus,"[('Gabrius breviventer', 0.0029418766), ('Gabronthus thermarum', 0.011942255), ('Gabrius splendidulus', 0.98276764)]"
1192,images_species/Gabrius nigritulus/Gabrius nigritulus_26.jpg,Gabrius nigritulus,Gabrius breviventer,"[('Gabrius splendidulus', 0.050657712), ('Gabrius trossulus', 0.34249917), ('Gabrius breviventer', 0.5778508)]"
1193,images_species/Gabrius nigritulus/Gabrius nigritulus_27.jpg,Gabrius nigritulus,Gabrius breviventer,"[('Gabrius austriacus', 0.0018198054), ('Gabrius splendidulus', 0.0411898), ('Gabrius breviventer', 0.9566605)]"
1194,images_species/Gabrius nigritulus/Gabrius nigritulus_28.jpg,Gabrius nigritulus,Gabrius trossulus,"[('Gabrius breviventer', 0.14576899), ('Gabrius splendidulus', 0.35891753), ('Gabrius trossulus', 0.44129428)]"
1195,images_species/Gabrius nigritulus/Gabrius nigritulus_29.jpg,Gabrius nigritulus,Gabrius trossulus,"[('Gabrius breviventer', 0.00022627295), ('Gabrius splendidulus', 0.0054297587), ('Gabrius trossulus', 0.99367225)]"
1196,images_species/Gabrius nigritulus/Gabrius nigritulus_30.jpg,Gabrius nigritulus,Gabrius breviventer,"[('Gabrius trossulus', 0.00013164144), ('Gabrius splendidulus', 0.018910306), ('Gabrius breviventer', 0.98084706)]"
1197,images_species/Gabrius nigritulus/Gabrius nigritulus_31.jpg,Gabrius nigritulus,Gabrius trossulus,"[('Gabrius splendidulus', 0.14177398), ('Gabrius breviventer', 0.19848551), ('Gabrius trossulus', 0.63863707)]"
1198,images_species/Gabrius nigritulus/Gabrius nigritulus_32.jpg,Gabrius nigritulus,Gabrius trossulus,"[('Gabrius breviventer', 0.08901341), ('Gabrius splendidulus', 0.11457891), ('Gabrius trossulus', 0.74582213)]"
1199,images_species/Gabrius nigritulus/Gabrius nigritulus_33.jpg,Gabrius nigritulus,Gabrius trossulus,"[('Heterothops binotatus', 0.028879955), ('Gabrius breviventer', 0.15257911), ('Gabrius trossulus', 0.8114943)]"
1201,images_species/Gabrius nigritulus/Gabrius nigritulus_35.jpg,Gabrius nigritulus,Leptacinus intermedius,"[('Leptacinus pusillus', 0.1712213), ('Neobisnius villosulus', 0.2607046), ('Leptacinus intermedius', 0.30266702)]"
1202,images_species/Gabrius nigritulus/Gabrius nigritulus_36.jpg,Gabrius nigritulus,Gabrius breviventer,"[('Gabrius splendidulus', 0.052431498), ('Gabrius trossulus', 0.23186648), ('Gabrius breviventer', 0.70535356)]"
1270,images_species/Lathrobium fulvipenne/Lathrobium fulvipenne_39.jpg,Lathrobium fulvipenne,Lobrathium multipunctum,"[('Astenus procerus', 0.0044826414), ('Lathrobium fulvipenne', 0.007977527), ('Lobrathium multipunctum', 0.9871913)]"
1274,images_species/Lathrobium fulvipenne/Lathrobium fulvipenne_43.jpg,Lathrobium fulvipenne,Lathrobium rufipenne,"[('Astenus gracilis', 0.0015320042), ('Lathrobium fulvipenne', 0.026064878), ('Lathrobium rufipenne', 0.97003204)]"
1285,images_species/Lathrobium fulvipenne/Lathrobium fulvipenne_54.jpg,Lathrobium fulvipenne,Lathrobium elongatum,"[('Lathrobium rufipenne', 0.001555746), ('Lathrobium fulvipenne', 0.0047385828), ('Lathrobium elongatum', 0.99220204)]"
1288,images_species/Lathrobium fulvipenne/Lathrobium fulvipenne_57.jpg,Lathrobium fulvipenne,Lobrathium multipunctum,"[('Lathrobium geminum', 0.00023538714), ('Lathrobium fulvipenne', 0.027889647), ('Lobrathium multipunctum', 0.9717586)]"
1300,images_species/Lathrobium fulvipenne/Lathrobium fulvipenne_69.jpg,Lathrobium fulvipenne,Lobrathium multipunctum,"[('Lathrobium rufipenne', 3.0913718e-05), ('Lathrobium fulvipenne', 0.24516763), ('Lobrathium multipunctum', 0.754736)]"
1304,images_species/Sunius bicolor/Sunius bicolor_10.jpg,Sunius bicolor,Sunius melanocephalus,"[('Sunius bicolor', 0.0018316854), ('Pseudomedon obscurellus', 0.0026704697), ('Sunius melanocephalus', 0.995469)]"
1314,images_species/Sunius bicolor/Sunius bicolor_20.jpg,Sunius bicolor,Sunius melanocephalus,"[('Pseudomedon obscurellus', 0.00050391536), ('Sunius bicolor', 0.4714247), ('Sunius melanocephalus', 0.527879)]"
1339,images_species/Astenus procerus/Astenus procerus_7.jpg,Astenus procerus,Astenus pulchellus,"[('Neobisnius villosulus', 0.0014189632), ('Astenus gracilis', 0.10111872), ('Astenus pulchellus', 0.89711946)]"
1340,images_species/Astenus procerus/Astenus procerus_8.jpg,Astenus procerus,Astenus pulchellus,"[('Astenus gracilis', 0.00010931178), ('Astenus procerus', 0.030147117), ('Astenus pulchellus', 0.9697427)]"
1348,images_species/Gabrius appendiculatus/Gabrius appendiculatus_16.jpg,Gabrius appendiculatus,Gabrius breviventer,"[('Gabrius appendiculatus', 0.17929158), ('Gabrius nigritulus', 0.30287284), ('Gabrius breviventer', 0.320305)]"
1355,images_species/Philonthus rufipes/Philonthus rufipes_11.jpg,Philonthus rufipes,Philonthus cruentatus,"[('Astenus lyonessius', 0.00016148308), ('Philonthus confinis', 0.00040741745), ('Philonthus cruentatus', 0.99916637)]"
1357,images_species/Philonthus rufipes/Philonthus rufipes_13.jpg,Philonthus rufipes,Philonthus concinnus,"[('Philonthus longicornis', 2.5049954e-05), ('Philonthus carbonarius', 0.0007917027), ('Philonthus concinnus', 0.9991672)]"
1358,images_species/Philonthus rufipes/Philonthus rufipes_14.jpg,Philonthus rufipes,Philonthus concinnus,"[('Philonthus longicornis', 0.0013428713), ('Philonthus carbonarius', 0.012367567), ('Philonthus concinnus', 0.9861667)]"
1362,images_species/Philonthus rufipes/Philonthus rufipes_6.jpg,Philonthus rufipes,Bisnius puella,"[('Philonthus rectangulus', 0.008675564), ('Xantholinus dvoraki', 0.1499939), ('Bisnius puella', 0.82122225)]"
1363,images_species/Philonthus rufipes/Philonthus rufipes_7.jpg,Philonthus rufipes,Bisnius puella,"[('Quedius maurus', 0.041761722), ('Philonthus corvinus', 0.18934777), ('Bisnius puella', 0.7600908)]"
1387,images_species/Quedius cruentus/Quedius cruentus_24.jpg,Quedius cruentus,Quedius cinctus,"[('Quedius xanthopus', 2.7520917e-05), ('Quedius cruentus', 0.10158618), ('Quedius cinctus', 0.8983851)]"
1445,images_species/Philonthus jurgans/Philonthus jurgans_10.jpg,Philonthus jurgans,Philonthus varians,"[('Philonthus corruscus', 3.16264e-05), ('Philonthus confinis', 0.13741559), ('Philonthus varians', 0.8624877)]"
1447,images_species/Philonthus jurgans/Philonthus jurgans_4.jpg,Philonthus jurgans,Bisnius pseudoparcus,"[('Philonthus carbonarius', 0.14754711), ('Philonthus varians', 0.35004842), ('Bisnius pseudoparcus', 0.4608291)]"
1448,images_species/Philonthus jurgans/Philonthus jurgans_5.jpg,Philonthus jurgans,Philonthus confinis,"[('Philonthus cruentatus', 0.0002216087), ('Philonthus varians', 0.0031875046), ('Philonthus confinis', 0.99657565)]"
1449,images_species/Philonthus jurgans/Philonthus jurgans_6.jpg,Philonthus jurgans,Philonthus confinis,"[('Philonthus nitidicollis', 6.3056164e-06), ('Philonthus varians', 0.029170437), ('Philonthus confinis', 0.97081864)]"
1450,images_species/Philonthus jurgans/Philonthus jurgans_7.jpg,Philonthus jurgans,Philonthus confinis,"[('Philonthus varians', 0.0007009263), ('Philonthus cruentatus', 0.05118671), ('Philonthus confinis', 0.948058)]"
1451,images_species/Philonthus jurgans/Philonthus jurgans_8.jpg,Philonthus jurgans,Philonthus confinis,"[('Philonthus jurgans', 0.0024023193), ('Philonthus varians', 0.094745964), ('Philonthus confinis', 0.90252733)]"
1452,images_species/Philonthus jurgans/Philonthus jurgans_9.jpg,Philonthus jurgans,Philonthus confinis,"[('Bisnius pseudoparcus', 0.17237706), ('Philonthus jurgans', 0.32003003), ('Philonthus confinis', 0.37453216)]"
1455,images_species/Scopaeus sulcicollis/Scopaeus sulcicollis_12.jpg,Scopaeus sulcicollis,Scopaeus minutus,"[('Scopaeus laevigatus', 9.847345e-06), ('Scopaeus sulcicollis', 0.039192304), ('Scopaeus minutus', 0.96079785)]"
1457,images_species/Scopaeus sulcicollis/Scopaeus sulcicollis_14.jpg,Scopaeus sulcicollis,Scopaeus minutus,"[('Lithocharis nigriceps', 6.97237e-07), ('Scopaeus sulcicollis', 0.24991186), ('Scopaeus minutus', 0.75008714)]"
1459,images_species/Scopaeus sulcicollis/Scopaeus sulcicollis_16.jpg,Scopaeus sulcicollis,Scopaeus minutus,"[('Scopaeus laevigatus', 0.00038144505), ('Scopaeus sulcicollis', 0.06333711), ('Scopaeus minutus', 0.93624437)]"
1464,images_species/Scopaeus sulcicollis/Scopaeus sulcicollis_21.jpg,Scopaeus sulcicollis,Scopaeus minutus,"[('Scopaeus laevigatus', 2.2495843e-09), ('Scopaeus sulcicollis', 0.083533406), ('Scopaeus minutus', 0.91646653)]"
1465,images_species/Scopaeus sulcicollis/Scopaeus sulcicollis_22.jpg,Scopaeus sulcicollis,Scopaeus minutus,"[('Lathrobium dilutum', 9.765304e-05), ('Scopaeus sulcicollis', 0.03550745), ('Scopaeus minutus', 0.9643559)]"
1483,images_species/Gyrohypnus angustatus/Gyrohypnus angustatus_10.jpg,Gyrohypnus angustatus,Gyrohypnus punctulatus,"[('Gyrohypnus angustatus', 0.061015386), ('Gyrohypnus fracticornis', 0.23950055), ('Gyrohypnus punctulatus', 0.6866942)]"
1486,images_species/Gyrohypnus angustatus/Gyrohypnus angustatus_4.jpg,Gyrohypnus angustatus,Phacophallus parumpunctatus,"[('Gyrohypnus fracticornis', 0.03251068), ('Gyrohypnus angustatus', 0.15844765), ('Phacophallus parumpunctatus', 0.7948173)]"
1488,images_species/Gyrohypnus angustatus/Gyrohypnus angustatus_6.jpg,Gyrohypnus angustatus,Gyrohypnus fracticornis,"[('Gyrohypnus punctulatus', 0.13922355), ('Phacophallus parumpunctatus', 0.31628484), ('Gyrohypnus fracticornis', 0.45917645)]"
1489,images_species/Gyrohypnus angustatus/Gyrohypnus angustatus_7.jpg,Gyrohypnus angustatus,Phacophallus parumpunctatus,"[('Nudobius lentus', 0.03431157), ('Gyrohypnus angustatus', 0.38081563), ('Phacophallus parumpunctatus', 0.5620629)]"
1490,images_species/Gyrohypnus angustatus/Gyrohypnus angustatus_8.jpg,Gyrohypnus angustatus,Xantholinus dvoraki,"[('Gyrohypnus fracticornis', 0.0089329975), ('Phacophallus parumpunctatus', 0.031054173), ('Xantholinus dvoraki', 0.95593363)]"
1491,images_species/Gyrohypnus angustatus/Gyrohypnus angustatus_9.jpg,Gyrohypnus angustatus,Gyrohypnus fracticornis,"[('Phacophallus parumpunctatus', 0.007383237), ('Gyrohypnus punctulatus', 0.0110234665), ('Gyrohypnus fracticornis', 0.9796539)]"
1552,images_species/Lithocharis ochracea/Lithocharis ochracea_54.jpg,Lithocharis ochracea,Pseudomedon obscurellus,"[('Medon apicalis', 0.038396727), ('Medon brunneus', 0.06980894), ('Pseudomedon obscurellus', 0.88331264)]"
1556,images_species/Bisnius parcus/Bisnius parcus_3.jpg,Bisnius parcus,Bisnius pseudoparcus,"[('Bisnius cephalotes', 0.0009550359), ('Bisnius parcus', 0.053168077), ('Bisnius pseudoparcus', 0.9448133)]"
1563,images_species/Philonthus binotatus/Philonthus binotatus_2.jpg,Philonthus binotatus,Philonthus punctus,"[('Philonthus binotatus', 0.0013354291), ('Bisnius puella', 0.024123328), ('Philonthus punctus', 0.97430724)]"
1564,images_species/Philonthus binotatus/Philonthus binotatus_3.jpg,Philonthus binotatus,Philonthus punctus,"[('Philonthus binotatus', 0.019157138), ('Philonthus corvinus', 0.07729109), ('Philonthus punctus', 0.8926511)]"
1565,images_species/Philonthus binotatus/Philonthus binotatus_4.jpg,Philonthus binotatus,Bisnius puella,"[('Philonthus binotatus', 0.08491341), ('Philonthus punctus', 0.102635935), ('Bisnius puella', 0.77562565)]"
1567,images_species/Quedius nigrocaeruleus/Quedius nigrocaeruleus_2.jpg,Quedius nigrocaeruleus,Quedius simplicifrons,"[('Quedius curtipennis', 0.013179475), ('Quedius nigrocaeruleus', 0.37237045), ('Quedius simplicifrons', 0.60966885)]"
1571,images_species/Pseudomedon obsoletus/Pseudomedon obsoletus_10.jpg,Pseudomedon obsoletus,Pseudomedon obscurellus,"[('Medon apicalis', 1.2189442e-05), ('Pseudomedon obsoletus', 0.15125468), ('Pseudomedon obscurellus', 0.84873265)]"
1584,images_species/Philonthus varians/Philonthus varians_11.jpg,Philonthus varians,Philonthus parvicornis,"[('Philonthus varians', 0.12208027), ('Philonthus longicornis', 0.16429451), ('Philonthus parvicornis', 0.58317053)]"
1617,images_species/Xantholinus laevigatus/Xantholinus laevigatus_3.jpg,Xantholinus laevigatus,Xantholinus tricolor,"[('Xantholinus laevigatus', 3.0270483e-05), ('Bisnius subuliformis', 4.5610355e-05), ('Xantholinus tricolor', 0.9998826)]"
1618,images_species/Xantholinus laevigatus/Xantholinus laevigatus_4.jpg,Xantholinus laevigatus,Xantholinus tricolor,"[('Xantholinus gallicus', 0.000100746845), ('Xantholinus laevigatus', 0.08548183), ('Xantholinus tricolor', 0.91436726)]"
1621,images_species/Xantholinus laevigatus/Xantholinus laevigatus_7.jpg,Xantholinus laevigatus,Xantholinus tricolor,"[('Xantholinus gallicus', 0.007799768), ('Xantholinus dvoraki', 0.01447424), ('Xantholinus tricolor', 0.9746773)]"
1640,images_species/Heterothops stiglundbergi/Heterothops stiglundbergi_2.jpg,Heterothops stiglundbergi,Heterothops praevius,"[('Philonthus parvicornis', 0.0010016685), ('Heterothops stiglundbergi', 0.0042710938), ('Heterothops praevius', 0.99467707)]"
1673,images_species/Nudobius lentus/Nudobius lentus_16.jpg,Nudobius lentus,Leptacinus batychrus,"[('Leptacinus intermedius', 0.16487424), ('Nudobius lentus', 0.19568622), ('Leptacinus batychrus', 0.46449444)]"
1685,images_species/Philonthus debilis/Philonthus debilis_14.jpg,Philonthus debilis,Philonthus discoideus,"[('Bisnius subuliformis', 0.00016874073), ('Philonthus debilis', 0.056927588), ('Philonthus discoideus', 0.94238955)]"
1719,images_species/Philonthus furcifer/Philonthus furcifer_4.jpg,Philonthus furcifer,Philonthus micantoides,"[('Bisnius pseudoparcus', 0.12876375), ('Philonthus corvinus', 0.21842875), ('Philonthus micantoides', 0.5845345)]"
1720,images_species/Philonthus furcifer/Philonthus furcifer_5.jpg,Philonthus furcifer,Philonthus corvinus,"[('Philonthus micantoides', 0.016758645), ('Bisnius pseudoparcus', 0.024441283), ('Philonthus corvinus', 0.9547268)]"
1721,images_species/Philonthus furcifer/Philonthus furcifer_6.jpg,Philonthus furcifer,Philonthus micantoides,"[('Bisnius pseudoparcus', 0.04152668), ('Philonthus alpinus', 0.13394831), ('Philonthus micantoides', 0.79604495)]"
1722,images_species/Philonthus furcifer/Philonthus furcifer_7.jpg,Philonthus furcifer,Bisnius pseudoparcus,"[('Philonthus micantoides', 0.004286919), ('Philonthus corvinus', 0.10635993), ('Bisnius pseudoparcus', 0.88145936)]"
1730,images_species/Bisnius cephalotes/Bisnius cephalotes_19.jpg,Bisnius cephalotes,Bisnius parcus,"[('Rugilus rufipes', 0.024088472), ('Bisnius cephalotes', 0.134992), ('Bisnius parcus', 0.83322203)]"
1732,images_species/Bisnius cephalotes/Bisnius cephalotes_21.jpg,Bisnius cephalotes,Bisnius sordidus,"[('Bisnius pseudoparcus', 0.00023599797), ('Philonthus concinnus', 0.0009401269), ('Bisnius sordidus', 0.99874866)]"
1813,images_species/Astenus lyonessius/Astenus lyonessius_16.jpg,Astenus lyonessius,Astenus gracilis,"[('Astenus lyonessius', 0.04072645), ('Astenus pulchellus', 0.34536827), ('Astenus gracilis', 0.59674907)]"
1814,images_species/Astenus lyonessius/Astenus lyonessius_17.jpg,Astenus lyonessius,Astenus gracilis,"[('Astenus pulchellus', 0.00023977406), ('Astenus lyonessius', 0.13747738), ('Astenus gracilis', 0.86221915)]"
1818,images_species/Astenus lyonessius/Astenus lyonessius_21.jpg,Astenus lyonessius,Astenus gracilis,"[('Scopaeus sulcicollis', 1.922202e-05), ('Astenus lyonessius', 0.042504072), ('Astenus gracilis', 0.9574518)]"
1819,images_species/Astenus lyonessius/Astenus lyonessius_22.jpg,Astenus lyonessius,Astenus gracilis,"[('Astenus lyonessius', 0.004073342), ('Astenus pulchellus', 0.00540045), ('Astenus gracilis', 0.9895309)]"
1820,images_species/Astenus lyonessius/Astenus lyonessius_23.jpg,Astenus lyonessius,Astenus gracilis,"[('Astenus lyonessius', 0.000106101834), ('Astenus pulchellus', 0.0014986657), ('Astenus gracilis', 0.9983814)]"
1821,images_species/Astenus lyonessius/Astenus lyonessius_24.jpg,Astenus lyonessius,Astenus gracilis,"[('Scopaeus sulcicollis', 0.0017692249), ('Astenus lyonessius', 0.48229805), ('Astenus gracilis', 0.515893)]"
1823,images_species/Astenus lyonessius/Astenus lyonessius_26.jpg,Astenus lyonessius,Astenus gracilis,"[('Astenus pulchellus', 1.782223e-05), ('Astenus lyonessius', 0.014569369), ('Astenus gracilis', 0.9853984)]"
1824,images_species/Astenus lyonessius/Astenus lyonessius_27.jpg,Astenus lyonessius,Astenus pulchellus,"[('Neobisnius villosulus', 0.00047849107), ('Astenus gracilis', 0.11493302), ('Astenus pulchellus', 0.884334)]"
1827,images_species/Astenus lyonessius/Astenus lyonessius_30.jpg,Astenus lyonessius,Astenus gracilis,"[('Astenus pulchellus', 0.036352687), ('Astenus lyonessius', 0.33226654), ('Astenus gracilis', 0.6295373)]"
1831,images_species/Astenus lyonessius/Astenus lyonessius_34.jpg,Astenus lyonessius,Astenus gracilis,"[('Astenus procerus', 0.0023913395), ('Astenus pulchellus', 0.008061549), ('Astenus gracilis', 0.9895215)]"
1832,images_species/Astenus lyonessius/Astenus lyonessius_35.jpg,Astenus lyonessius,Astenus gracilis,"[('Astenus procerus', 0.006459171), ('Astenus lyonessius', 0.45602807), ('Astenus gracilis', 0.53403324)]"
1833,images_species/Astenus lyonessius/Astenus lyonessius_36.jpg,Astenus lyonessius,Astenus gracilis,"[('Astenus procerus', 6.145958e-05), ('Astenus pulchellus', 0.014927396), ('Astenus gracilis', 0.98495877)]"
1834,images_species/Astenus lyonessius/Astenus lyonessius_37.jpg,Astenus lyonessius,Astenus gracilis,"[('Astenus pulchellus', 2.8490324e-05), ('Astenus lyonessius', 0.25989002), ('Astenus gracilis', 0.74001604)]"
1837,images_species/Astenus lyonessius/Astenus lyonessius_40.jpg,Astenus lyonessius,Astenus gracilis,"[('Astenus pulchellus', 0.00153438), ('Astenus lyonessius', 0.17518492), ('Astenus gracilis', 0.8230528)]"
1853,images_species/Rugilus erichsoni/Rugilus erichsoni_15.jpg,Rugilus erichsoni,Rugilus orbiculatus,"[('Rugilus rufipes', 7.0657607e-06), ('Rugilus erichsoni', 9.042819e-05), ('Rugilus orbiculatus', 0.9999014)]"
1879,images_species/Rugilus erichsoni/Rugilus erichsoni_41.jpg,Rugilus erichsoni,Rugilus orbiculatus,"[('Rugilus rufipes', 2.5329462e-05), ('Rugilus erichsoni', 9.6808995e-05), ('Rugilus orbiculatus', 0.9998641)]"
1929,images_species/Philonthus parvicornis/Philonthus parvicornis_7.jpg,Philonthus parvicornis,Philonthus jurgans,"[('Philonthus ebeninus', 0.012545238), ('Philonthus parvicornis', 0.25523224), ('Philonthus jurgans', 0.7140928)]"
1939,images_species/Philonthus politus/Philonthus politus_32.jpg,Philonthus politus,Bisnius cephalotes,"[('Philonthus nitidicollis', 0.016148206), ('Ocypus fuscatus', 0.33199775), ('Bisnius cephalotes', 0.6360521)]"
1940,images_species/Philonthus politus/Philonthus politus_33.jpg,Philonthus politus,Bisnius cephalotes,"[('Philonthus succicola', 0.022748861), ('Philonthus politus', 0.10196869), ('Bisnius cephalotes', 0.8692304)]"
1942,images_species/Philonthus politus/Philonthus politus_35.jpg,Philonthus politus,Bisnius cephalotes,"[('Philonthus politus', 0.16644177), ('Ocypus fuscatus', 0.2918721), ('Bisnius cephalotes', 0.45972005)]"
1946,images_species/Philonthus politus/Philonthus politus_39.jpg,Philonthus politus,Philonthus succicola,"[('Bisnius cephalotes', 0.02812764), ('Philonthus politus', 0.36728504), ('Philonthus succicola', 0.58991873)]"
1947,images_species/Philonthus politus/Philonthus politus_40.jpg,Philonthus politus,Philonthus addendus,"[('Philonthus intermedius', 0.15877832), ('Ocypus fuscatus', 0.19891423), ('Philonthus addendus', 0.41096082)]"
1948,images_species/Philonthus politus/Philonthus politus_41.jpg,Philonthus politus,Ocypus fuscatus,"[('Bisnius cephalotes', 0.008653302), ('Philonthus nitidicollis', 0.025807885), ('Ocypus fuscatus', 0.94485855)]"
1950,images_species/Philonthus politus/Philonthus politus_43.jpg,Philonthus politus,Ocypus fuscatus,"[('Philonthus tenuicornis', 0.017800318), ('Philonthus succicola', 0.24273844), ('Ocypus fuscatus', 0.7100798)]"
1952,images_species/Philonthus politus/Philonthus politus_45.jpg,Philonthus politus,Philonthus succicola,"[('Ocypus fuscatus', 0.016038053), ('Bisnius cephalotes', 0.39171937), ('Philonthus succicola', 0.560263)]"
1953,images_species/Philonthus politus/Philonthus politus_46.jpg,Philonthus politus,Philonthus succicola,"[('Bisnius cephalotes', 2.2833112e-05), ('Philonthus politus', 7.40558e-05), ('Philonthus succicola', 0.999877)]"
1954,images_species/Philonthus politus/Philonthus politus_47.jpg,Philonthus politus,Philonthus tenuicornis,"[('Ocypus fuscatus', 0.00017114826), ('Philonthus mannerheimi', 0.0006483877), ('Philonthus tenuicornis', 0.9989524)]"
1958,images_species/Philonthus politus/Philonthus politus_51.jpg,Philonthus politus,Philonthus tenuicornis,"[('Philonthus politus', 0.026906883), ('Philonthus succicola', 0.035472), ('Philonthus tenuicornis', 0.8969205)]"
1959,images_species/Philonthus politus/Philonthus politus_52.jpg,Philonthus politus,Philonthus succicola,"[('Philonthus tenuicornis', 0.003653297), ('Bisnius cephalotes', 0.008930911), ('Philonthus succicola', 0.98010486)]"
1960,images_species/Philonthus politus/Philonthus politus_53.jpg,Philonthus politus,Philonthus succicola,"[('Philonthus politus', 0.024692513), ('Bisnius cephalotes', 0.15400404), ('Philonthus succicola', 0.8004515)]"
1962,images_species/Philonthus politus/Philonthus politus_55.jpg,Philonthus politus,Bisnius cephalotes,"[('Philonthus politus', 0.037138384), ('Philonthus succicola', 0.44157907), ('Bisnius cephalotes', 0.49058518)]"
1963,images_species/Philonthus politus/Philonthus politus_56.jpg,Philonthus politus,Bisnius cephalotes,"[('Philonthus succicola', 0.28250015), ('Ocypus fuscatus', 0.300561), ('Bisnius cephalotes', 0.3881537)]"
1964,images_species/Philonthus politus/Philonthus politus_57.jpg,Philonthus politus,Philonthus succicola,"[('Ocypus fuscatus', 0.05003694), ('Tasgius melanarius', 0.071983755), ('Philonthus succicola', 0.7822408)]"
1965,images_species/Philonthus politus/Philonthus politus_58.jpg,Philonthus politus,Philonthus succicola,"[('Philonthus politus', 0.11659284), ('Bisnius cephalotes', 0.18719412), ('Philonthus succicola', 0.45628747)]"
1966,images_species/Philonthus politus/Philonthus politus_59.jpg,Philonthus politus,Philonthus addendus,"[('Philonthus succicola', 0.0002306564), ('Philonthus tenuicornis', 0.008334659), ('Philonthus addendus', 0.9913685)]"
1984,images_species/Othius angustus/Othius angustus_11.jpg,Othius angustus,Othius subuliformis,"[('Heterothops dissimilis', 1.0979418e-06), ('Othius angustus', 0.002481426), ('Othius subuliformis', 0.9975164)]"
1986,images_species/Othius angustus/Othius angustus_13.jpg,Othius angustus,Othius subuliformis,"[('Quedius microps', 0.00931794), ('Othius angustus', 0.2544479), ('Othius subuliformis', 0.73581743)]"
1989,images_species/Othius angustus/Othius angustus_16.jpg,Othius angustus,Gyrohypnus atratus,"[('Gabrius splendidulus', 0.20034887), ('Othius subuliformis', 0.22656345), ('Gyrohypnus atratus', 0.5377622)]"
1994,images_species/Othius angustus/Othius angustus_21.jpg,Othius angustus,Othius subuliformis,"[('Quedius microps', 5.0638966e-05), ('Othius angustus', 0.05563579), ('Othius subuliformis', 0.94419926)]"
2002,images_species/Philonthus ventralis/Philonthus ventralis_11.jpg,Philonthus ventralis,Philonthus debilis,"[('Bisnius nitidulus', 0.009083973), ('Philonthus quisquiliarius', 0.009902816), ('Philonthus debilis', 0.98029435)]"
2004,images_species/Philonthus ventralis/Philonthus ventralis_13.jpg,Philonthus ventralis,Philonthus debilis,"[('Bisnius sordidus', 0.00014661081), ('Philonthus quisquiliarius', 0.00019847546), ('Philonthus debilis', 0.99957484)]"
2005,images_species/Philonthus ventralis/Philonthus ventralis_14.jpg,Philonthus ventralis,Philonthus debilis,"[('Philonthus discoideus', 0.0028766925), ('Philonthus ventralis', 0.04654698), ('Philonthus debilis', 0.95026374)]"
2007,images_species/Philonthus ventralis/Philonthus ventralis_5.jpg,Philonthus ventralis,Philonthus debilis,"[('Philonthus quisquiliarius', 0.0027858913), ('Philonthus albipes', 0.009283834), ('Philonthus debilis', 0.9876815)]"
2013,images_species/Heterothops minutus/Heterothops minutus_4.jpg,Heterothops minutus,Heterothops binotatus,"[('Heterothops minutus', 0.1700861), ('Heterothops quadripunctulus', 0.30610883), ('Heterothops binotatus', 0.5034186)]"
2029,images_species/Philonthus micans/Philonthus micans_21.jpg,Philonthus micans,Philonthus micantoides,"[('Philonthus fumarius', 0.085246354), ('Philonthus micans', 0.32795095), ('Philonthus micantoides', 0.5712016)]"
2031,images_species/Philonthus micans/Philonthus micans_23.jpg,Philonthus micans,Philonthus quisquiliarius,"[('Philonthus micans', 0.033168484), ('Bisnius fimetarius', 0.18017311), ('Philonthus quisquiliarius', 0.7791243)]"
2032,images_species/Philonthus micans/Philonthus micans_24.jpg,Philonthus micans,Philonthus micantoides,"[('Philonthus salinus', 0.015403476), ('Philonthus micans', 0.030269127), ('Philonthus micantoides', 0.9444528)]"
2040,images_species/Quedius nitipennis/Quedius nitipennis_14.jpg,Quedius nitipennis,Quedius semiaeneus,"[('Quedius semiobscurus', 0.00018253284), ('Quedius nitipennis', 0.00022021445), ('Quedius semiaeneus', 0.9995473)]"
2041,images_species/Quedius nitipennis/Quedius nitipennis_15.jpg,Quedius nitipennis,Quedius boopoides,"[('Quedius nitipennis', 0.008337476), ('Quedius persimilis', 0.07093116), ('Quedius boopoides', 0.9152047)]"
2042,images_species/Quedius nitipennis/Quedius nitipennis_16.jpg,Quedius nitipennis,Quedius boopoides,"[('Quedius persimilis', 0.001555614), ('Quedius nitipennis', 0.007752788), ('Quedius boopoides', 0.9904881)]"
2043,images_species/Quedius nitipennis/Quedius nitipennis_17.jpg,Quedius nitipennis,Quedius persimilis,"[('Quedius boops', 0.025205152), ('Quedius boopoides', 0.1638915), ('Quedius persimilis', 0.80848134)]"
2047,images_species/Quedius nitipennis/Quedius nitipennis_21.jpg,Quedius nitipennis,Quedius boopoides,"[('Quedius nitipennis', 0.006037703), ('Quedius semiobscurus', 0.12202947), ('Quedius boopoides', 0.86820376)]"
2069,images_species/Medon apicalis/Medon apicalis_15.jpg,Medon apicalis,Medon ripicola,"[('Lathrobium pallidum', 0.0001882462), ('Medon apicalis', 0.31178552), ('Medon ripicola', 0.6878727)]"
2085,images_species/Gyrohypnus fracticornis/Gyrohypnus fracticornis_11.jpg,Gyrohypnus fracticornis,Gyrohypnus punctulatus,"[('Gauropterus fulgidus', 4.3435688e-05), ('Gyrohypnus fracticornis', 0.046370354), ('Gyrohypnus punctulatus', 0.9535257)]"
2086,images_species/Gyrohypnus fracticornis/Gyrohypnus fracticornis_12.jpg,Gyrohypnus fracticornis,Gyrohypnus punctulatus,"[('Gauropterus fulgidus', 0.00010506357), ('Gyrohypnus fracticornis', 0.08583823), ('Gyrohypnus punctulatus', 0.91399294)]"
2089,images_species/Gyrohypnus fracticornis/Gyrohypnus fracticornis_15.jpg,Gyrohypnus fracticornis,Gyrohypnus punctulatus,"[('Xantholinus longiventris', 0.0046248636), ('Gyrohypnus fracticornis', 0.34588024), ('Gyrohypnus punctulatus', 0.6456621)]"
2093,images_species/Gyrohypnus fracticornis/Gyrohypnus fracticornis_19.jpg,Gyrohypnus fracticornis,Gyrohypnus punctulatus,"[('Megalinus glabratus', 0.0019611982), ('Gyrohypnus fracticornis', 0.4078139), ('Gyrohypnus punctulatus', 0.58716583)]"
2106,images_species/Gabrius keysianus/Gabrius keysianus_9.jpg,Gabrius keysianus,Gabrius appendiculatus,"[('Gabrius breviventer', 5.3812702e-05), ('Gabrius keysianus', 0.04495022), ('Gabrius appendiculatus', 0.95497495)]"
2187,images_species/Leptacinus intermedius/Leptacinus intermedius_5.jpg,Leptacinus intermedius,Leptacinus pusillus,"[('Gyrohypnus angustatus', 1.2806428e-05), ('Leptacinus intermedius', 0.036350064), ('Leptacinus pusillus', 0.96362656)]"
2237,images_species/Quedius boopoides/Quedius boopoides_5.jpg,Quedius boopoides,Quedius persimilis,"[('Quedius fulvicollis', 0.0032887482), ('Quedius boopoides', 0.46377948), ('Quedius persimilis', 0.52985185)]"
2240,images_species/Quedius boopoides/Quedius boopoides_8.jpg,Quedius boopoides,Quedius persimilis,"[('Quedius boops', 0.013159572), ('Quedius boopoides', 0.39781526), ('Quedius persimilis', 0.57086015)]"
2248,images_species/Leptacinus batychrus/Leptacinus batychrus_11.jpg,Leptacinus batychrus,Leptacinus intermedius,"[('Phacophallus parumpunctatus', 0.0347096), ('Leptacinus batychrus', 0.46542287), ('Leptacinus intermedius', 0.4950934)]"
2249,images_species/Leptacinus batychrus/Leptacinus batychrus_12.jpg,Leptacinus batychrus,Leptacinus formicetorum,"[('Leptacinus intermedius', 0.042856384), ('Leptacinus batychrus', 0.14433675), ('Leptacinus formicetorum', 0.81204873)]"
2252,images_species/Leptacinus batychrus/Leptacinus batychrus_15.jpg,Leptacinus batychrus,Phacophallus parumpunctatus,"[('Leptacinus batychrus', 0.038848873), ('Leptacinus pusillus', 0.21357694), ('Phacophallus parumpunctatus', 0.64011127)]"
2255,images_species/Leptacinus batychrus/Leptacinus batychrus_18.jpg,Leptacinus batychrus,Phacophallus parumpunctatus,"[('Leptacinus intermedius', 0.003434521), ('Leptacinus batychrus', 0.020219345), ('Phacophallus parumpunctatus', 0.975154)]"
2259,images_species/Leptacinus batychrus/Leptacinus batychrus_22.jpg,Leptacinus batychrus,Leptacinus intermedius,"[('Leptacinus formicetorum', 0.005831072), ('Leptacinus batychrus', 0.46719095), ('Leptacinus intermedius', 0.51886916)]"
2260,images_species/Leptacinus batychrus/Leptacinus batychrus_23.jpg,Leptacinus batychrus,Leptacinus formicetorum,"[('Leptacinus intermedius', 0.000155776), ('Leptacinus batychrus', 0.0086566815), ('Leptacinus formicetorum', 0.99118537)]"
2261,images_species/Leptacinus batychrus/Leptacinus batychrus_24.jpg,Leptacinus batychrus,Leptacinus intermedius,"[('Leptacinus batychrus', 0.041174687), ('Phacophallus parumpunctatus', 0.33591783), ('Leptacinus intermedius', 0.6223751)]"
2270,images_species/Gabrius austriacus/Gabrius austriacus_3.jpg,Gabrius austriacus,Gabrius breviventer,"[('Gabrius trossulus', 6.089951e-06), ('Gabrius austriacus', 6.278059e-05), ('Gabrius breviventer', 0.99992144)]"
2272,images_species/Gabrius austriacus/Gabrius austriacus_5.jpg,Gabrius austriacus,Gabrius breviventer,"[('Gabrius appendiculatus', 0.07364037), ('Gabrius austriacus', 0.09639237), ('Gabrius breviventer', 0.8299092)]"
2279,images_species/Philonthus decorus/Philonthus decorus_25.jpg,Philonthus decorus,Ontholestes murinus,"[('Creophilus maxillosus', 0.008663355), ('Ontholestes tessellatus', 0.051967837), ('Ontholestes murinus', 0.9332902)]"
2283,images_species/Philonthus decorus/Philonthus decorus_29.jpg,Philonthus decorus,Dinothenarus pubescens,"[('Quedius cinctus', 0.05901834), ('Philonthus tenuicornis', 0.33414105), ('Dinothenarus pubescens', 0.44763833)]"
2284,images_species/Philonthus decorus/Philonthus decorus_30.jpg,Philonthus decorus,Ocypus fuscatus,"[('Tasgius melanarius', 0.012911139), ('Philonthus decorus', 0.032161716), ('Ocypus fuscatus', 0.93798685)]"
2285,images_species/Philonthus decorus/Philonthus decorus_31.jpg,Philonthus decorus,Ocypus fuscatus,"[('Philonthus tenuicornis', 0.03623275), ('Philonthus decorus', 0.27539688), ('Ocypus fuscatus', 0.67841536)]"
2292,images_species/Philonthus decorus/Philonthus decorus_38.jpg,Philonthus decorus,Ontholestes murinus,"[('Platydracus latebricola', 0.020110331), ('Ontholestes tessellatus', 0.026163539), ('Ontholestes murinus', 0.94694287)]"
2299,images_species/Philonthus decorus/Philonthus decorus_45.jpg,Philonthus decorus,Ocypus fuscatus,"[('Tasgius melanarius', 0.0017846212), ('Philonthus decorus', 0.014719097), ('Ocypus fuscatus', 0.979933)]"
2312,images_species/Philonthus decorus/Philonthus decorus_58.jpg,Philonthus decorus,Ocypus fuscatus,"[('Philonthus tenuicornis', 0.029608093), ('Philonthus decorus', 0.13494106), ('Ocypus fuscatus', 0.8036874)]"
2314,images_species/Philonthus decorus/Philonthus decorus_60.jpg,Philonthus decorus,Philonthus tenuicornis,"[('Ocypus fuscatus', 0.03848624), ('Philonthus decorus', 0.4424725), ('Philonthus tenuicornis', 0.5149117)]"
2340,images_species/Xantholinus linearis/Xantholinus linearis_13.jpg,Xantholinus linearis,Gyrohypnus angustatus,"[('Phacophallus parumpunctatus', 0.16599229), ('Gyrohypnus punctulatus', 0.292073), ('Gyrohypnus angustatus', 0.50007683)]"
2343,images_species/Xantholinus linearis/Xantholinus linearis_16.jpg,Xantholinus linearis,Xantholinus longiventris,"[('Philonthus rufipes', 1.47581495e-05), ('Xantholinus linearis', 0.00022297226), ('Xantholinus longiventris', 0.99972945)]"
2347,images_species/Xantholinus linearis/Xantholinus linearis_8.jpg,Xantholinus linearis,Xantholinus longiventris,"[('Xantholinus dvoraki', 0.003104956), ('Xantholinus linearis', 0.33581293), ('Xantholinus longiventris', 0.659449)]"
2356,images_species/Philonthus atratus/Philonthus atratus_24.jpg,Philonthus atratus,Philonthus carbonarius,"[('Philonthus longicornis', 0.0035301687), ('Philonthus varians', 0.0048515107), ('Philonthus carbonarius', 0.9902756)]"
2365,images_species/Philonthus atratus/Philonthus atratus_33.jpg,Philonthus atratus,Bisnius sordidus,"[('Philonthus atratus', 0.04319628), ('Philonthus carbonarius', 0.09336653), ('Bisnius sordidus', 0.8465495)]"
2374,images_species/Philonthus atratus/Philonthus atratus_42.jpg,Philonthus atratus,Bisnius sordidus,"[('Philonthus politus', 0.04212951), ('Bisnius cephalotes', 0.0464231), ('Bisnius sordidus', 0.90700006)]"
2375,images_species/Philonthus atratus/Philonthus atratus_43.jpg,Philonthus atratus,Bisnius fimetarius,"[('Bisnius sordidus', 0.19871351), ('Philonthus concinnus', 0.22844926), ('Bisnius fimetarius', 0.49702996)]"
2376,images_species/Philonthus atratus/Philonthus atratus_44.jpg,Philonthus atratus,Philonthus rufipes,"[('Bisnius sordidus', 0.04476137), ('Philonthus atratus', 0.36905846), ('Philonthus rufipes', 0.49017426)]"
2381,images_species/Philonthus atratus/Philonthus atratus_49.jpg,Philonthus atratus,Philonthus albipes,"[('Philonthus parvicornis', 0.002520838), ('Philonthus longicornis', 0.006877777), ('Philonthus albipes', 0.99025166)]"
2391,images_species/Gabrius exiguus/Gabrius exiguus_3.jpg,Gabrius exiguus,Gabrius osseticus,"[('Gabrius exiguus', 0.066947155), ('Bisnius nitidulus', 0.15501744), ('Gabrius osseticus', 0.6333756)]"
2467,images_species/Philonthus ebeninus/Philonthus ebeninus_6.jpg,Philonthus ebeninus,Philonthus jurgans,"[('Philonthus corvinus', 0.029915234), ('Philonthus ebeninus', 0.057297327), ('Philonthus jurgans', 0.90023786)]"
2480,images_species/Quedius lucidulus/Quedius lucidulus_13.jpg,Quedius lucidulus,Quedius scintillans,"[('Quedius umbrinus', 4.3527004e-09), ('Quedius lucidulus', 1.1552593e-06), ('Quedius scintillans', 0.9999988)]"
2488,images_species/Quedius lucidulus/Quedius lucidulus_21.jpg,Quedius lucidulus,Quedius scintillans,"[('Quedius umbrinus', 3.808225e-08), ('Quedius lucidulus', 0.225126), ('Quedius scintillans', 0.774874)]"
2494,images_species/Othius subuliformis/Othius subuliformis_10.jpg,Othius subuliformis,Othius angustus,"[('Xantholinus linearis', 0.0005981982), ('Othius subuliformis', 0.35596624), ('Othius angustus', 0.6424421)]"
2503,images_species/Othius subuliformis/Othius subuliformis_8.jpg,Othius subuliformis,Othius angustus,"[('Sunius bicolor', 4.385087e-06), ('Othius subuliformis', 0.08205316), ('Othius angustus', 0.91794145)]"
2508,images_species/Philonthus laminatus/Philonthus laminatus_20.jpg,Philonthus laminatus,Philonthus tenuicornis,"[('Philonthus addendus', 0.05919348), ('Philonthus laminatus', 0.33069488), ('Philonthus tenuicornis', 0.6062303)]"
2518,images_species/Philonthus laminatus/Philonthus laminatus_30.jpg,Philonthus laminatus,Philonthus intermedius,"[('Philonthus mannerheimi', 2.9111711e-06), ('Philonthus laminatus', 0.12833303), ('Philonthus intermedius', 0.8716623)]"
2520,images_species/Philonthus laminatus/Philonthus laminatus_32.jpg,Philonthus laminatus,Philonthus intermedius,"[('Philonthus mannerheimi', 0.00012401528), ('Philonthus laminatus', 0.008503019), ('Philonthus intermedius', 0.991344)]"
2521,images_species/Philonthus laminatus/Philonthus laminatus_33.jpg,Philonthus laminatus,Philonthus intermedius,"[('Ocypus fuscatus', 0.0062673367), ('Philonthus laminatus', 0.24803981), ('Philonthus intermedius', 0.7444329)]"
2523,images_species/Philonthus laminatus/Philonthus laminatus_35.jpg,Philonthus laminatus,Philonthus intermedius,"[('Ocypus fuscatus', 4.4982276e-06), ('Philonthus laminatus', 0.17924696), ('Philonthus intermedius', 0.82074827)]"
2525,images_species/Philonthus laminatus/Philonthus laminatus_37.jpg,Philonthus laminatus,Philonthus mannerheimi,"[('Ocypus fuscatus', 0.0068303654), ('Philonthus laminatus', 0.04931535), ('Philonthus mannerheimi', 0.94068676)]"
2526,images_species/Philonthus laminatus/Philonthus laminatus_38.jpg,Philonthus laminatus,Philonthus intermedius,"[('Ocypus fuscatus', 2.3599425e-06), ('Philonthus laminatus', 3.221609e-05), ('Philonthus intermedius', 0.9999653)]"
2527,images_species/Philonthus laminatus/Philonthus laminatus_39.jpg,Philonthus laminatus,Philonthus intermedius,"[('Ocypus fuscatus', 1.9522345e-06), ('Philonthus laminatus', 7.486935e-06), ('Philonthus intermedius', 0.99999046)]"
2533,images_species/Philonthus laminatus/Philonthus laminatus_45.jpg,Philonthus laminatus,Philonthus intermedius,"[('Ocypus fuscatus', 0.0021801803), ('Philonthus laminatus', 0.40571755), ('Philonthus intermedius', 0.59198207)]"
2556,images_species/Quedius umbrinus/Quedius umbrinus_27.jpg,Quedius umbrinus,Quedius maurorufus,"[('Quedius microps', 3.9371622e-05), ('Quedius umbrinus', 5.0961356e-05), ('Quedius maurorufus', 0.9998535)]"
2558,images_species/Quedius umbrinus/Quedius umbrinus_29.jpg,Quedius umbrinus,Quedius suturalis,"[('Quedius maurorufus', 0.00806725), ('Quedius umbrinus', 0.016539004), ('Quedius suturalis', 0.9741779)]"
2560,images_species/Ochthephilum collare/Ochthephilum collare_2.jpg,Ochthephilum collare,Ochthephilum fracticorne,"[('Gabrius exiguus', 3.288796e-08), ('Ochthephilum collare', 7.021105e-06), ('Ochthephilum fracticorne', 0.99999297)]"
2563,images_species/Ocypus fuscatus/Ocypus fuscatus_4.jpg,Ocypus fuscatus,Tasgius globulifer,"[('Quedius nigrocaeruleus', 0.006512604), ('Ocypus aeneocephalus', 0.310631), ('Tasgius globulifer', 0.6796708)]"
2564,images_species/Ocypus fuscatus/Ocypus fuscatus_5.jpg,Ocypus fuscatus,Tasgius globulifer,"[('Quedius nigrocaeruleus', 0.0027378798), ('Ocypus aeneocephalus', 0.038271796), ('Tasgius globulifer', 0.95790154)]"
2590,images_species/Lathrobium fovulum/Lathrobium fovulum_29.jpg,Lathrobium fovulum,Tetartopeus terminatus,"[('Tetartopeus quadratus', 0.0002973062), ('Lathrobium fovulum', 0.0017382558), ('Tetartopeus terminatus', 0.9979418)]"
2597,images_species/Lathrobium fovulum/Lathrobium fovulum_36.jpg,Lathrobium fovulum,Lathrobium impressum,"[('Lathrobium fovulum', 8.674852e-07), ('Gyrohypnus fracticornis', 2.315563e-06), ('Lathrobium impressum', 0.9999933)]"
2602,images_species/Lathrobium fovulum/Lathrobium fovulum_41.jpg,Lathrobium fovulum,Lathrobium pallidum,"[('Lathrobium fovulum', 0.0029101884), ('Lathrobium dilutum', 0.0052141417), ('Lathrobium pallidum', 0.99109745)]"
2608,images_species/Quedius brevis/Quedius brevis_6.jpg,Quedius brevis,Quedius scitus,"[('Atrecus affinis', 0.0042397734), ('Quedius brevis', 0.10022297), ('Quedius scitus', 0.8913391)]"
2623,images_species/Paederus littoralis/Paederus littoralis_30.jpg,Paederus littoralis,Ocypus fuscatus,"[('Paederus fuscipes', 0.078190774), ('Paederus littoralis', 0.34161222), ('Ocypus fuscatus', 0.5351193)]"
2627,images_species/Paederus littoralis/Paederus littoralis_34.jpg,Paederus littoralis,Paederus riparius,"[('Paederus fuscipes', 8.4147214e-05), ('Paederus littoralis', 0.29042563), ('Paederus riparius', 0.70936894)]"
2646,images_species/Paederus littoralis/Paederus littoralis_53.jpg,Paederus littoralis,Paederus riparius,"[('Paederus fuscipes', 0.00012328613), ('Paederus littoralis', 0.033336565), ('Paederus riparius', 0.9664915)]"
2770,images_species/Astenus pulchellus/Astenus pulchellus_33.jpg,Astenus pulchellus,Astenus gracilis,"[('Astenus procerus', 4.930005e-05), ('Astenus pulchellus', 0.13863915), ('Astenus gracilis', 0.8612838)]"
2780,images_species/Quedius mesomelinus/Quedius mesomelinus_16.jpg,Quedius mesomelinus,Quedius maurus,"[('Quedius xanthopus', 0.00056240277), ('Quedius mesomelinus', 0.001762313), ('Quedius maurus', 0.9975932)]"
2784,images_species/Quedius mesomelinus/Quedius mesomelinus_20.jpg,Quedius mesomelinus,Quedius xanthopus,"[('Quedius mesomelinus', 0.06806467), ('Quedius truncicola', 0.3815405), ('Quedius xanthopus', 0.48526707)]"
2788,images_species/Quedius mesomelinus/Quedius mesomelinus_9.jpg,Quedius mesomelinus,Quedius maurus,"[('Quedius mesomelinus', 0.01261411), ('Quedius nigrocaeruleus', 0.076126814), ('Quedius maurus', 0.8920823)]"
2791,images_species/Dinothenarus pubescens/Dinothenarus pubescens_4.jpg,Dinothenarus pubescens,Ontholestes tessellatus,"[('Ontholestes murinus', 0.00035414766), ('Dinothenarus pubescens', 0.0055198674), ('Ontholestes tessellatus', 0.99412584)]"
2793,images_species/Dinothenarus pubescens/Dinothenarus pubescens_6.jpg,Dinothenarus pubescens,Ontholestes tessellatus,"[('Ontholestes murinus', 0.008020172), ('Dinothenarus pubescens', 0.3804954), ('Ontholestes tessellatus', 0.6114841)]"
2819,images_species/Philonthus cognatus/Philonthus cognatus_38.jpg,Philonthus cognatus,Philonthus mannerheimi,"[('Philonthus decorus', 0.004337973), ('Philonthus cognatus', 0.27720854), ('Philonthus mannerheimi', 0.7167253)]"
2838,images_species/Philonthus cognatus/Philonthus cognatus_57.jpg,Philonthus cognatus,Philonthus carbonarius,"[('Philonthus tenuicornis', 0.040755603), ('Philonthus cognatus', 0.45804563), ('Philonthus carbonarius', 0.49683788)]"
2842,images_species/Philonthus cognatus/Philonthus cognatus_61.jpg,Philonthus cognatus,Philonthus mannerheimi,"[('Philonthus rufipes', 0.031781893), ('Philonthus cognatus', 0.04324996), ('Philonthus mannerheimi', 0.9101367)]"
2843,images_species/Philonthus cognatus/Philonthus cognatus_62.jpg,Philonthus cognatus,Philonthus mannerheimi,"[('Philonthus cognatus', 0.018601092), ('Philonthus decorus', 0.19407828), ('Philonthus mannerheimi', 0.7634449)]"
2850,images_species/Philonthus cognatus/Philonthus cognatus_69.jpg,Philonthus cognatus,Philonthus mannerheimi,"[('Philonthus decorus', 0.0029318214), ('Philonthus cognatus', 0.1557683), ('Philonthus mannerheimi', 0.84099853)]"
2854,images_species/Philonthus cognatus/Philonthus cognatus_73.jpg,Philonthus cognatus,Philonthus carbonarius,"[('Philonthus cognatus', 0.22796385), ('Philonthus tenuicornis', 0.24042654), ('Philonthus carbonarius', 0.309839)]"
2894,images_species/Rugilus orbiculatus/Rugilus orbiculatus_42.jpg,Rugilus orbiculatus,Rugilus erichsoni,"[('Bisnius nitidulus', 0.000101467274), ('Rugilus orbiculatus', 0.008660113), ('Rugilus erichsoni', 0.9911453)]"
2896,images_species/Rugilus orbiculatus/Rugilus orbiculatus_44.jpg,Rugilus orbiculatus,Astenus immacullatus,"[('Astenus lyonessius', 0.0210455), ('Rugilus orbiculatus', 0.33548462), ('Astenus immacullatus', 0.58687156)]"
2898,images_species/Rugilus orbiculatus/Rugilus orbiculatus_46.jpg,Rugilus orbiculatus,Paederidus ruficollis,"[('Neobisnius lathrobioides', 0.107441895), ('Philonthus nitidicollis', 0.29817206), ('Paederidus ruficollis', 0.3303805)]"
2911,images_species/Rugilus orbiculatus/Rugilus orbiculatus_59.jpg,Rugilus orbiculatus,Ochthephilum collare,"[('Gabrius austriacus', 0.0358977), ('Phacophallus parumpunctatus', 0.0383358), ('Ochthephilum collare', 0.039536964)]"
2936,images_species/Rugilus orbiculatus/Rugilus orbiculatus_84.jpg,Rugilus orbiculatus,Rugilus erichsoni,"[('Rugilus rufipes', 5.615995e-05), ('Rugilus orbiculatus', 0.008597436), ('Rugilus erichsoni', 0.9912723)]"
3000,images_species/Gabrius splendidulus/Gabrius splendidulus_25.jpg,Gabrius splendidulus,Lithocharis nigriceps,"[('Gabrius splendidulus', 0.056374706), ('Lathrobium dilutum', 0.115771495), ('Lithocharis nigriceps', 0.82491124)]"
3062,images_species/Creophilus maxillosus/Creophilus maxillosus_5.jpg,Creophilus maxillosus,Philonthus splendens,"[('Velleius dilatatus', 0.24069025), ('Creophilus maxillosus', 0.257307), ('Philonthus splendens', 0.47232488)]"
3068,images_species/Lathrobium elongatum/Lathrobium elongatum_25.jpg,Lathrobium elongatum,Lathrobium geminum,"[('Lathrobium fulvipenne', 0.010809915), ('Lathrobium elongatum', 0.22199182), ('Lathrobium geminum', 0.76544863)]"
3073,images_species/Lathrobium elongatum/Lathrobium elongatum_30.jpg,Lathrobium elongatum,Lathrobium fulvipenne,"[('Lathrobium geminum', 0.0004731964), ('Lathrobium elongatum', 0.0046800226), ('Lathrobium fulvipenne', 0.9943001)]"
3074,images_species/Lathrobium elongatum/Lathrobium elongatum_31.jpg,Lathrobium elongatum,Lobrathium multipunctum,"[('Lathrobium fulvipenne', 0.0011534782), ('Lathrobium geminum', 0.011813351), ('Lobrathium multipunctum', 0.9865804)]"
3078,images_species/Lathrobium elongatum/Lathrobium elongatum_35.jpg,Lathrobium elongatum,Lathrobium geminum,"[('Lathrobium elongatum', 0.10125505), ('Lathrobium brunnipes', 0.3029792), ('Lathrobium geminum', 0.591758)]"
3081,images_species/Lathrobium elongatum/Lathrobium elongatum_38.jpg,Lathrobium elongatum,Lathrobium brunnipes,"[('Lathrobium geminum', 0.005474405), ('Lathrobium elongatum', 0.06888069), ('Lathrobium brunnipes', 0.925616)]"
3082,images_species/Lathrobium elongatum/Lathrobium elongatum_39.jpg,Lathrobium elongatum,Lathrobium rufipenne,"[('Astenus gracilis', 3.3513184e-05), ('Lathrobium elongatum', 0.101400614), ('Lathrobium rufipenne', 0.8985486)]"
3093,images_species/Lathrobium elongatum/Lathrobium elongatum_50.jpg,Lathrobium elongatum,Lathrobium rufipenne,"[('Astenus gracilis', 3.733543e-05), ('Lathrobium elongatum', 0.36924756), ('Lathrobium rufipenne', 0.6306069)]"
3103,images_species/Lathrobium elongatum/Lathrobium elongatum_60.jpg,Lathrobium elongatum,Lathrobium fulvipenne,"[('Lathrobium rufipenne', 0.0013990311), ('Lathrobium elongatum', 0.03028155), ('Lathrobium fulvipenne', 0.9680882)]"
3119,images_species/Xantholinus longiventris/Xantholinus longiventris_10.jpg,Xantholinus longiventris,Xantholinus linearis,"[('Gyrohypnus punctulatus', 0.00019927576), ('Gyrohypnus atratus', 0.00029315843), ('Xantholinus linearis', 0.999218)]"
3122,images_species/Xantholinus longiventris/Xantholinus longiventris_13.jpg,Xantholinus longiventris,Xantholinus linearis,"[('Xantholinus laevigatus', 0.1253399), ('Xantholinus gallicus', 0.18614706), ('Xantholinus linearis', 0.6756994)]"
3124,images_species/Xantholinus longiventris/Xantholinus longiventris_15.jpg,Xantholinus longiventris,Rugilus rufipes,"[('Lathrobium fulvipenne', 0.029165143), ('Rugilus orbiculatus', 0.044477403), ('Rugilus rufipes', 0.8644038)]"
3141,images_species/Sunius melanocephalus/Sunius melanocephalus_13.jpg,Sunius melanocephalus,Sunius bicolor,"[('Medon brunneus', 9.681143e-05), ('Sunius melanocephalus', 0.22972484), ('Sunius bicolor', 0.7700475)]"
3162,images_species/Quedius molochinus/Quedius molochinus_10.jpg,Quedius molochinus,Quedius picipes,"[('Quedius simplicifrons', 0.0002278905), ('Quedius molochinus', 0.4629325), ('Quedius picipes', 0.5367336)]"
3186,images_species/Heterothops dissimilis/Heterothops dissimilis_3.jpg,Heterothops dissimilis,Heterothops binotatus,"[('Heterothops praevius', 1.4236924e-05), ('Heterothops dissimilis', 0.009915161), ('Heterothops binotatus', 0.9900657)]"
3187,images_species/Heterothops dissimilis/Heterothops dissimilis_4.jpg,Heterothops dissimilis,Heterothops binotatus,"[('Heterothops quadripunctulus', 4.602508e-06), ('Heterothops dissimilis', 0.004387694), ('Heterothops binotatus', 0.99560165)]"
3188,images_species/Heterothops dissimilis/Heterothops dissimilis_5.jpg,Heterothops dissimilis,Heterothops binotatus,"[('Heterothops quadripunctulus', 0.012971617), ('Heterothops dissimilis', 0.32494864), ('Heterothops binotatus', 0.66204476)]"
3190,images_species/Heterothops dissimilis/Heterothops dissimilis_7.jpg,Heterothops dissimilis,Heterothops binotatus,"[('Heterothops praevius', 2.9018695e-06), ('Heterothops dissimilis', 0.0044660876), ('Heterothops binotatus', 0.99552876)]"
3191,images_species/Heterothops dissimilis/Heterothops dissimilis_8.jpg,Heterothops dissimilis,Heterothops binotatus,"[('Heterothops praevius', 1.7083257e-06), ('Heterothops dissimilis', 7.491286e-06), ('Heterothops binotatus', 0.9999896)]"
3192,images_species/Heterothops dissimilis/Heterothops dissimilis_9.jpg,Heterothops dissimilis,Heterothops binotatus,"[('Heterothops quadripunctulus', 3.0978143e-05), ('Heterothops dissimilis', 0.002535297), ('Heterothops binotatus', 0.9973953)]"
3205,images_species/Philonthus intermedius/Philonthus intermedius_7.jpg,Philonthus intermedius,Philonthus splendens,"[('Philonthus addendus', 6.1238466e-06), ('Philonthus intermedius', 5.6052795e-05), ('Philonthus splendens', 0.99993753)]"
3209,images_species/Philonthus alpinus/Philonthus alpinus_3.jpg,Philonthus alpinus,Philonthus albipes,"[('Philonthus micantoides', 0.02459305), ('Philonthus alpinus', 0.34421268), ('Philonthus albipes', 0.6308175)]"
3210,images_species/Philonthus alpinus/Philonthus alpinus_4.jpg,Philonthus alpinus,Philonthus albipes,"[('Philonthus micantoides', 6.5343247e-06), ('Philonthus alpinus', 0.0018399289), ('Philonthus albipes', 0.9981522)]"
3264,images_species/Lathrobium impressum/Lathrobium impressum_67.jpg,Lathrobium impressum,Lathrobium fovulum,"[('Lathrobium impressum', 0.00036431535), ('Lathrobium brunnipes', 0.15523258), ('Lathrobium fovulum', 0.8440207)]"
3314,images_species/Quedius curtipennis/Quedius curtipennis_5.jpg,Quedius curtipennis,Quedius simplicifrons,"[('Quedius nigrocaeruleus', 0.2103392), ('Quedius curtipennis', 0.38086855), ('Quedius simplicifrons', 0.39275783)]"
3315,images_species/Quedius curtipennis/Quedius curtipennis_6.jpg,Quedius curtipennis,Quedius fuliginosus,"[('Euryporus picipes', 1.1496016e-05), ('Quedius curtipennis', 0.39402127), ('Quedius fuliginosus', 0.605962)]"
3322,images_species/Bisnius fimetarius/Bisnius fimetarius_33.jpg,Bisnius fimetarius,Bisnius puella,"[('Philonthus corvinus', 0.01622984), ('Bisnius fimetarius', 0.055127926), ('Bisnius puella', 0.90173346)]"
3356,images_species/Bisnius fimetarius/Bisnius fimetarius_67.jpg,Bisnius fimetarius,Bisnius cephalotes,"[('Philonthus quisquiliarius', 0.021762598), ('Bisnius fimetarius', 0.31980273), ('Bisnius cephalotes', 0.6347342)]"
3363,images_species/Bisnius fimetarius/Bisnius fimetarius_74.jpg,Bisnius fimetarius,Bisnius cephalotes,"[('Gyrohypnus atratus', 7.5703974e-06), ('Bisnius sordidus', 3.2953973e-05), ('Bisnius cephalotes', 0.999948)]"
3370,images_species/Bisnius fimetarius/Bisnius fimetarius_81.jpg,Bisnius fimetarius,Philonthus quisquiliarius,"[('Bisnius sordidus', 0.0052979263), ('Bisnius cephalotes', 0.20727421), ('Philonthus quisquiliarius', 0.7784092)]"
3374,images_species/Bisnius fimetarius/Bisnius fimetarius_85.jpg,Bisnius fimetarius,Philonthus albipes,"[('Heterothops praevius', 2.492033e-07), ('Heterothops minutus', 1.2702395e-06), ('Philonthus albipes', 0.99999845)]"
3377,images_species/Bisnius fimetarius/Bisnius fimetarius_88.jpg,Bisnius fimetarius,Bisnius cephalotes,"[('Bisnius sordidus', 0.0010052208), ('Bisnius fimetarius', 0.030958893), ('Bisnius cephalotes', 0.967902)]"
3378,images_species/Bisnius fimetarius/Bisnius fimetarius_89.jpg,Bisnius fimetarius,Bisnius subuliformis,"[('Quedius cruentus', 0.0017713368), ('Bisnius fimetarius', 0.15290119), ('Bisnius subuliformis', 0.8420721)]"
